dataset_id,n_train,n_test,n_features,n_classes,accuracy,f1_weighted,logloss,fit_seconds,predict_seconds,status,error
OpenML-ID-1068,887,222,21,2,0.9414414414414415,0.9330171853150269,0.15169593733248216,11.164041757583618,2.059715509414673,ok,
OpenML-ID-1462,1097,275,4,2,1.0,1.0,0.00010045616512438926,0.27919745445251465,0.13483119010925293,ok,
OpenML-ID-1464,598,150,4,2,0.7933333333333333,0.7761389689851607,0.45706776450474346,0.2934901714324951,0.09863519668579102,ok,
OpenML-ID-1480,466,117,10,2,0.6837606837606838,0.6521136761937346,0.5305512163618056,0.2676529884338379,0.20731735229492188,ok,
OpenML-ID-1485,2080,520,500,2,0.6115384615384616,0.6115154742884193,0.6695888466111831,0.9250295162200928,9.82559585571289,ok,
OpenML-ID-29,552,138,15,2,0.8405797101449275,0.8410846308264787,0.3777083670541111,0.23062610626220703,0.2304544448852539,ok,
OpenML-ID-3,2556,640,36,2,0.99375,0.9937507947687102,0.049303126608952974,0.2649409770965576,1.2445995807647705,ok,
OpenML-ID-300,6237,1560,617,26,0.9596153846153846,0.9595293433919379,0.14913102091392344,2.0890355110168457,49.685805797576904,ok,
OpenML-ID-4134,3000,751,1776,2,0.7683089214380826,0.7674395052793476,0.47177748950094517,3.827423572540283,66.6781005859375,ok,
