dataset_id,n_train,n_test,n_features,n_classes,accuracy,f1_weighted,logloss,fit_seconds,predict_seconds,status,error
customer_satisfaction_in_airline,103904,25976,21,2,0.9070295657530028,0.9071439354387885,0.2721069073923867,11.832935333251953,180.6610724925995,ok,
pc1,887,222,21,2,0.9324324324324325,0.8998298998298998,0.18718832288973158,0.3062140941619873,0.3587367534637451,ok,
pendigits,8793,2199,16,10,0.988631195998181,0.9886083378415271,0.05288000389646562,0.3301963806152344,2.9806900024414062,ok,
shuttle,46400,11600,9,7,0.9968103448275862,0.9957157503695798,0.010175280067812681,0.4643428325653076,36.3390588760376,ok,
