dataset_id,n_train,n_test,n_features,n_classes,accuracy,f1_weighted,logloss,fit_seconds,predict_seconds,status,error
volkert,46648,11662,180,10,0.39718744640713427,0.2621930385068601,1.8245320493700885,14.684818029403687,298.57611870765686,ok,
qsar,844,211,40,2,0.8293838862559242,0.822153294295456,0.38271535160268316,0.47576475143432617,1.013230800628662,ok,
ringnorm,5920,1480,20,2,0.9337837837837838,0.933780156100921,0.23567312680241512,0.46851015090942383,2.320831298828125,ok,
shuttle,46400,11600,9,7,0.968103448275862,0.965234314805151,0.11063319567984238,0.5236175060272217,49.6150164604187,ok,
