dataset_id,n_train,n_test,n_features,n_classes,accuracy,f1_weighted,logloss,fit_seconds,predict_seconds,status,error
dabetes_130-us_hospitals,81412,20354,20,2,0.5645082047754741,0.5170588817215287,0.6782164057495725,11.9997878074646,152.54653692245483,ok,
first-order-theorem-proving,4894,1224,51,6,0.5253267973856209,0.4564629790836131,1.3068365758143285,0.5101640224456787,36.3453106880188,ok,
kc1,1687,422,21,2,0.8483412322274881,0.7892228642807283,0.349128641959435,0.9578292369842529,1.3929243087768555,ok,
kdd_ipums_la_97-small,4150,1038,20,2,0.7649325626204239,0.7542928322797705,0.4652660889749033,0.32929325103759766,26.806740760803223,ok,
mammography,8946,2237,6,2,0.9767545820295038,0.9652685489527209,0.06793033677694632,0.324951171875,3.162088632583618,ok,
maternal_health_risk,811,203,6,3,0.7635467980295566,0.7583585613366588,0.5825032439332429,0.3785831928253174,9.313742637634277,ok,
mobile_c36_oversampling,41408,10352,6,2,0.8593508500772797,0.8594231374930187,0.3657556263046583,0.48471903800964355,59.8805513381958,ok,
