dataset_id,n_train,n_test,n_features,n_classes,accuracy,f1_weighted,logloss,fit_seconds,predict_seconds,status,error
SDSS17,80000,20000,12,3,0.93625,0.935057242278473,0.2190148580551349,11.76836633682251,148.36624908447266,ok,
contraceptive_method_choice,1178,295,9,3,0.576271186440678,0.5685390257798034,0.89147219605086,0.41356635093688965,0.45119428634643555,ok,
delta_ailerons,5703,1426,5,2,0.9375876577840112,0.9375399892676315,0.20073528418412265,0.30702662467956543,1.8248376846313477,ok,
dis,3017,755,29,2,0.9841059602649007,0.9762226014376786,0.06945532512484263,0.358259916305542,1.9774761199951172,ok,
eeg-eye-state,11984,2996,14,2,0.8154205607476636,0.8121916915485656,0.47528543947951224,0.3912980556488037,7.2957072257995605,ok,
gas-drift,11128,2782,128,6,0.990294751976995,0.9902798924514525,0.04930046791726902,1.0140163898468018,27.15741801261902,ok,
kropt,22444,5612,6,18,0.5438346400570206,0.5272268595522563,1.3372772438825171,0.3831517696380615,59.02985119819641,ok,
waveform-5000,4000,1000,40,3,0.8,0.7999341725395366,0.7078087007721926,0.3441340923309326,3.0180506706237793,ok,
