dataset_id,n_train,n_test,n_features,n_classes,accuracy,f1_weighted,logloss,fit_seconds,predict_seconds,status,error
Credit_c,80000,20000,22,3,0.64985,0.640559923508173,0.7648048923996325,12.237154483795166,202.06665873527527,ok,
mammography,8946,2237,6,2,0.983907018328118,0.9812724454262682,0.04681722909944951,0.4466414451599121,4.148042917251587,ok,
mfeat-fourier,1600,400,76,10,0.6725,0.6644616586598037,1.2504146128751623,0.42378735542297363,2.801398277282715,ok,
mfeat-zernike,1600,400,47,10,0.6975,0.6883742797893849,0.8369812148846205,0.4178605079650879,9.675771236419678,ok,
one-hundred-plants-shape,1280,320,64,100,0.625,0.6151533189033189,1.5999540047296374,0.3947122097015381,36.53452658653259,ok,
