dataset_id,n_train,n_test,n_features,n_classes,accuracy,f1_weighted,logloss,fit_seconds,predict_seconds,status,error
customer_satisfaction_in_airline,103904,25976,21,2,0.8934785956267324,0.8937166989435097,0.2682625493643749,11.80263066291809,178.79421710968018,ok,
ozone-level-8hr,2027,507,72,2,0.9368836291913215,0.9063538164274496,0.18920775848682853,0.36688661575317383,1.5991530418395996,ok,
pol,8065,2017,26,2,0.9072880515617253,0.9066519885913173,0.2726625808163965,0.34348201751708984,3.4717838764190674,ok,
sports_articles_for_objectivity_analysis,800,200,59,2,0.825,0.8198600981866682,0.4334306605810201,0.2932744026184082,0.5710656642913818,ok,
steel_plates_faults,1552,389,27,7,0.7480719794344473,0.7411973138504475,0.6304959107068853,0.2691335678100586,0.6455268859863281,ok,
telco-customer-churn,5634,1409,18,2,0.7913413768630234,0.7950145235664021,0.44287103072429784,0.3102083206176758,1.9101512432098389,ok,
turiye_student_evaluation,4656,1164,32,5,0.4029209621993127,0.32798114604539147,1.4137440742720158,0.30754947662353516,2.091285467147827,ok,
waveform-5000,4000,1000,40,3,0.79,0.7825578529657475,0.5413117531166104,0.3124094009399414,2.053576707839966,ok,
