dataset_id,n_train,n_test,n_features,n_classes,accuracy,f1_weighted,logloss,fit_seconds,predict_seconds,status,error
customer_satisfaction_in_airline,103904,25976,21,2,0.8942100400369571,0.8944390659010082,0.2838256972725597,12.726939678192139,181.33829283714294,ok,
one-hundred-plants-shape,1280,320,64,100,0.646875,0.6275714216339217,1.5484563198655021,0.46609020233154297,4.457833290100098,ok,
page-blocks,4378,1095,10,5,0.9625570776255707,0.960725044790741,0.12298698928419025,0.38779377937316895,1.1806635856628418,ok,
pc4,1166,292,37,2,0.8767123287671232,0.8253959450787136,0.2628187506204643,0.3686680793762207,0.5989360809326172,ok,
predict_students_dropout_and_academic_success,3539,885,34,3,0.7152542372881356,0.6425432712410586,0.6958945806511551,0.4043142795562744,1.7625529766082764,ok,
rl,3976,994,12,2,0.6780684104627767,0.6750372897979199,0.5951488410017343,0.4394080638885498,1.1688151359558105,ok,
shuttle,46400,11600,9,7,0.9962068965517241,0.9946349371076686,0.01002057013325449,0.5153615474700928,67.94645690917969,ok,
