dataset_id,n_train,n_test,n_features,n_classes,accuracy,f1_weighted,logloss,fit_seconds,predict_seconds,status,error
customer_satisfaction_in_airline,103904,25976,21,2,0.9016014782876501,0.9017188580296843,0.25550174004113274,12.252664804458618,179.84567546844482,ok,
ozone-level-8hr,2027,507,72,2,0.9368836291913215,0.9063538164274496,0.17316328073034384,0.5129361152648926,1.5869154930114746,ok,
pol,8065,2017,26,2,0.9548834903321765,0.9548710440404404,0.1248344490937431,0.44577956199645996,3.4733617305755615,ok,
sports_articles_for_objectivity_analysis,800,200,59,2,0.83,0.8289234632601813,0.4304295619048041,0.4131283760070801,0.5685477256774902,ok,
steel_plates_faults,1552,389,27,7,0.7506426735218509,0.7380986550007713,0.6569787681305729,0.4008793830871582,0.6437458992004395,ok,
telco-customer-churn,5634,1409,18,2,0.7998580553584103,0.7837894414892305,0.4300187837406046,0.4405529499053955,1.900050163269043,ok,
turiye_student_evaluation,4656,1164,32,5,0.46563573883161513,0.362300638232063,1.2910440244910026,0.43717193603515625,2.087184190750122,ok,
waveform-5000,4000,1000,40,3,0.829,0.828509705705812,0.5742448884387307,0.45135498046875,2.0462028980255127,ok,
