dataset_id,n_train,n_test,n_features,n_classes,accuracy,f1_weighted,logloss,fit_seconds,predict_seconds,status,error
customer_satisfaction_in_airline,103904,25976,21,2,0.7519633507853403,0.748195313187874,0.5314671424289786,11.847602128982544,176.22749137878418,ok,
optdigits,4496,1124,64,10,0.8193950177935944,0.8191325934477186,1.5273606943490718,0.41378164291381836,3.154953956604004,ok,
qsar,844,211,40,2,0.8293838862559242,0.8210861626913216,0.4241303194495706,0.3145594596862793,0.4952878952026367,ok,
ringnorm,5920,1480,20,2,0.9418918918918919,0.9418185525932005,0.14992570181063924,0.32096338272094727,2.0734670162200928,ok,
splice,2552,638,60,3,0.5188087774294671,0.35443902028721075,0.9212468268589474,0.3704519271850586,1.7798583507537842,ok,
taiwanese_bankruptcy_prediction,5455,1364,95,2,0.967741935483871,0.9518773135906928,0.13445506880420863,0.4607963562011719,5.33935022354126,ok,
website_phishing,1082,271,9,3,0.8007380073800738,0.7682715495221549,0.6267060971199053,0.258681058883667,0.29340577125549316,ok,
wine-quality-red,1279,320,4,6,0.48125,0.4244632535094962,1.1585914710618093,0.23905444145202637,0.29950904846191406,ok,
yeast,1187,297,8,10,0.41414141414141414,0.3490555335068665,1.5318935059864862,0.24403810501098633,0.31229424476623535,ok,
