dataset_id,n_train,n_test,n_features,n_classes,accuracy,f1_weighted,logloss,fit_seconds,predict_seconds,status,error
SDSS17,80000,20000,12,3,0.888,0.884952200572734,0.3375437038493295,11.845792770385742,143.51128792762756,ok,
htru,14318,3580,8,2,0.979050279329609,0.9784834092039554,0.07093226023454446,0.44778919219970703,24.031275510787964,ok,
madeline,2512,628,259,2,0.5095541401273885,0.4115128428021126,0.692886163193829,0.6993522644042969,27.590343475341797,ok,
pendigits,8793,2199,16,10,0.933606184629377,0.9337596750663797,0.2375443803978182,0.37548279762268066,3.361389636993408,ok,
spambase,3680,921,57,2,0.9261672095548317,0.9252393499712444,0.20487985514280857,0.37471532821655273,2.652956485748291,ok,
texture,4400,1100,40,11,0.94,0.9398283854973388,0.23105891995367858,0.3483467102050781,9.313937425613403,ok,
