dataset_id,n_train,n_test,n_features,n_classes,accuracy,f1_weighted,logloss,fit_seconds,predict_seconds,status,error
customer_satisfaction_in_airline,103904,25976,21,2,0.8708038189097629,0.8710063592976811,0.3123565599711611,12.156304359436035,179.47633481025696,ok,
ozone-level-8hr,2027,507,72,2,0.9368836291913215,0.9063538164274496,0.1826564078564824,0.5211799144744873,1.5802912712097168,ok,
pendigits,8793,2199,16,10,0.9022282855843565,0.9017969205988232,0.4228675968613127,0.43876004219055176,2.9681179523468018,ok,
seismic+bumps,2067,517,18,2,0.9342359767891683,0.9024719535783365,0.2264300563585373,0.3298027515411377,0.6566672325134277,ok,
splice,2552,638,60,3,0.6818181818181818,0.6401787189389767,0.6639770540081262,0.40262317657470703,1.7736427783966064,ok,
texture,4400,1100,40,11,0.9018181818181819,0.9014129937892403,0.45239155367890327,0.3655123710632324,6.823286771774292,ok,
