dataset_id,n_train,n_test,n_features,n_classes,accuracy,f1_weighted,logloss,fit_seconds,predict_seconds,status,error
customer_satisfaction_in_airline,103904,25976,21,2,0.5427317523868186,0.3891288444352839,0.6917788255809911,12.35194993019104,178.9453980922699,ok,
page-blocks,4378,1095,10,5,0.897716894977169,0.849331768780132,1.4537327125306891,0.4116177558898926,1.154059648513794,ok,
pc3,1250,313,37,2,0.8977635782747604,0.8493992104215747,0.4223726708294326,0.3855898380279541,0.6432740688323975,ok,
pol,8065,2017,26,2,0.5101636093207734,0.3609579449488182,0.6918533677039682,0.37520480155944824,3.465207815170288,ok,
sports_articles_for_objectivity_analysis,800,200,59,2,0.635,0.49324159021406727,0.5978878688632743,0.32895874977111816,0.5720477104187012,ok,
steel_plates_faults,1552,389,27,7,0.20051413881748073,0.09050801030153413,1.9351891342775434,0.30182909965515137,0.6395916938781738,ok,
taiwanese_bankruptcy_prediction,5455,1364,95,2,0.967741935483871,0.9518773135906928,0.4374746408799189,0.49230122566223145,5.358465909957886,ok,
wine,2043,511,4,2,0.49902152641878667,0.33224670819005375,0.6930469453381325,0.2917511463165283,0.21025609970092773,ok,
wine-quality-red,1279,320,4,6,0.375,0.3540605479453486,1.7345034109110782,0.27605581283569336,0.3016235828399658,ok,
