dataset_id,n_train,n_test,n_features,n_classes,accuracy,f1_weighted,logloss,fit_seconds,predict_seconds,status,error
customer_satisfaction_in_airline,103904,25976,21,2,0.92281336618417,0.9228758415290178,0.19895167425439642,12.155136346817017,179.7585005760193,ok,
pc1,887,222,21,2,0.9324324324324325,0.8998298998298998,0.17308368471416713,0.2934000492095947,0.361997127532959,ok,
pc4,1166,292,37,2,0.8904109589041096,0.8654671846248212,0.2080120796671284,0.2884559631347656,0.6045205593109131,ok,
qsar,844,211,40,2,0.8767772511848341,0.8748103872423035,0.2955915929494742,0.2721562385559082,0.4875051975250244,ok,
rl,3976,994,12,2,0.6861167002012073,0.6826425983913551,0.5869054118258437,0.2548646926879883,1.1006126403808594,ok,
seismic+bumps,2067,517,18,2,0.9342359767891683,0.9024719535783365,0.22822619238468767,0.2552809715270996,0.6563689708709717,ok,
spambase,3680,921,57,2,0.9207383279044516,0.9197706403419832,0.22230868450607838,0.33075714111328125,2.4024224281311035,ok,
texture,4400,1100,40,11,1.0,1.0,0.012479374663146536,0.31210756301879883,6.527324199676514,ok,
