dataset_id,n_train,n_test,n_features,n_classes,accuracy,f1_weighted,logloss,fit_seconds,predict_seconds,status,error
customer_satisfaction_in_airline,103904,25976,21,2,0.6836310440406529,0.6669935849561037,0.6203468256131142,11.941936492919922,179.63272714614868,ok,
predict_students_dropout_and_academic_success,3539,885,34,3,0.6338983050847458,0.5555819754457486,0.9039687498694193,0.3468046188354492,1.6671273708343506,ok,
segment,1848,462,17,7,0.5,0.45046896639893363,1.2964132663414913,0.29833412170410156,0.6076593399047852,ok,
shuttle,46400,11600,9,7,0.8622413793103448,0.8215929813177144,0.35769888910381936,0.4950530529022217,36.06852865219116,ok,
