dataset_id,n_train,n_test,n_features,n_classes,accuracy,f1_weighted,logloss,fit_seconds,predict_seconds,status,error
customer_satisfaction_in_airline,103904,25976,21,2,0.7262473052048044,0.7260903669748519,0.527719582322003,11.807971715927124,177.3024549484253,ok,
ozone-level-8hr,2027,507,72,2,0.9368836291913215,0.9063538164274496,0.23251604422959157,0.35063743591308594,1.5899810791015625,ok,
pc3,1250,313,37,2,0.8977635782747604,0.8493992104215747,0.31189820564969095,0.28736138343811035,0.6582343578338623,ok,
pol,8065,2017,26,2,0.8041646008924145,0.8040776276829079,0.4564227371796541,0.3138086795806885,3.457427740097046,ok,
sports_articles_for_objectivity_analysis,800,200,59,2,0.745,0.7300817559761842,0.49782732033355637,0.285109281539917,0.5639948844909668,ok,
steel_plates_faults,1552,389,27,7,0.5604113110539846,0.5096743846162767,1.149435530725443,0.26204586029052734,0.6372244358062744,ok,
taiwanese_bankruptcy_prediction,5455,1364,95,2,0.967741935483871,0.9518773135906928,0.13949774062610798,0.4570152759552002,5.346010208129883,ok,
website_phishing,1082,271,9,3,0.7822878228782287,0.7504544663528316,0.607773486866227,0.2570967674255371,0.2935605049133301,ok,
wine-quality-red,1279,320,4,6,0.4875,0.4396526960207205,1.1340577658473925,0.23797130584716797,0.2999575138092041,ok,
