dataset_id,n_train,n_test,n_features,n_classes,accuracy,f1_weighted,logloss,fit_seconds,predict_seconds,status,error
customer_satisfaction_in_airline,103904,25976,21,2,0.9059516476747768,0.9060710121764032,0.25575858917878974,12.982458591461182,293.45017409324646,ok,
mozilla4,12436,3109,4,2,0.8957864265036989,0.8959906322945665,0.26752179547244753,0.49252843856811523,3.860729694366455,ok,
one-hundred-plants-margin,1280,320,64,100,0.796875,0.7792435515873016,1.7160097402503094,0.49110865592956543,16.327723026275635,ok,
spambase,3680,921,57,2,0.9163952225841476,0.9151910331011971,0.23368368009734025,0.5084750652313232,4.234175443649292,ok,
thyroid,5760,1440,21,3,0.9506944444444444,0.9361178175441891,0.10913251402397017,0.41997361183166504,4.776432752609253,ok,
vehicle,676,170,18,4,0.7176470588235294,0.6918845065410384,0.6069031352863867,0.3837916851043701,0.8368291854858398,ok,
waveform-5000,4000,1000,40,3,0.811,0.8102892268462084,0.6467972211231195,0.44164204597473145,4.209345817565918,ok,
