dataset_id,n_train,n_test,n_features,n_classes,accuracy,f1_weighted,logloss,fit_seconds,predict_seconds,status,error
customer_satisfaction_in_airline,103904,25976,21,2,0.8934785956267324,0.8937166989435097,0.2682625493643749,11.662522792816162,182.10717129707336,ok,
ringnorm,5920,1480,20,2,0.972972972972973,0.9729645781214268,0.10370844095078015,0.3526039123535156,2.1176235675811768,ok,
spambase,3680,921,57,2,0.8707926167209555,0.8654248872348292,0.3359048450324737,0.38248276710510254,2.41571044921875,ok,
texture,4400,1100,40,11,0.9754545454545455,0.9756186284896747,0.1143578829350395,0.37212252616882324,6.76141881942749,ok,
