dataset_id,n_train,n_test,n_features,n_classes,accuracy,f1_weighted,logloss,fit_seconds,predict_seconds,status,error
customer_satisfaction_in_airline,103904,25976,21,2,0.8672620880813058,0.8674321538640949,0.32383812991393895,12.11925745010376,182.33150672912598,ok,
phoneme,4323,1081,5,2,0.8640148011100832,0.8615644917276589,0.31645634184385346,0.3829829692840576,0.6450281143188477,ok,
ringnorm,5920,1480,20,2,0.9763513513513513,0.9763475605189953,0.07040984069355377,0.3400118350982666,2.0884804725646973,ok,
spambase,3680,921,57,2,0.9066232356134636,0.9052431575338524,0.26859555399319396,0.363908052444458,2.410106897354126,ok,
texture,4400,1100,40,11,0.9609090909090909,0.9609694649426374,0.1531644309927275,0.3446791172027588,6.465095281600952,ok,
