dataset_id,n_train,n_test,n_features,n_classes,accuracy,f1_weighted,logloss,fit_seconds,predict_seconds,status,error
customer_satisfaction_in_airline,103904,25976,21,2,0.5473129042192794,0.38718919012193637,0.6885944885943996,12.452317476272583,174.67757511138916,ok,
optdigits,4496,1124,64,10,0.11832740213523131,0.04195235094018509,2.3037937083546853,0.45770835876464844,3.1506130695343018,ok,
rice_cammeo_and_osmancik,3048,762,7,2,0.5721784776902887,0.4164771557144672,0.6804805740119758,0.28795337677001953,0.6708931922912598,ok,
segment,1848,462,17,7,0.17965367965367965,0.13973002673087637,1.9369049678855645,0.3113570213317871,0.5721173286437988,ok,
shuttle,46400,11600,9,7,0.785948275862069,0.6917498123313687,0.7461580935415543,0.49067187309265137,35.02826547622681,ok,
