dataset_id,n_train,n_test,n_features,n_classes,accuracy,f1_weighted,logloss,fit_seconds,predict_seconds,status,error
volkert,46648,11662,180,10,0.40850625964671583,0.2764445958423246,1.6895026713114059,14.48054814338684,142.72393012046814,ok,
delta_ailerons,5703,1426,5,2,0.906030855539972,0.9059421948826661,0.26835058286905195,0.42329955101013184,0.9018373489379883,ok,
dry_bean_dataset,10888,2723,16,7,0.8380462724935732,0.8342100412263236,0.5406937825891145,0.4295217990875244,6.581769704818726,ok,
first-order-theorem-proving,4894,1224,51,6,0.5506535947712419,0.49571131565735815,1.2459436094705219,0.41870975494384766,18.79659128189087,ok,
kropt,22444,5612,6,18,0.3374910905203136,0.2906188093635397,2.0015496523953695,0.43494725227355957,52.745944023132324,ok,
waveform_database_generator,3999,1000,21,3,0.354,0.324737527226656,1.0983311900076413,0.3342573642730713,3.0315499305725098,ok,
wine,2043,511,4,2,0.7416829745596869,0.7413065346545353,0.5609475721089434,0.4060380458831787,7.506968975067139,ok,
