dataset_id,n_train,n_test,n_features,n_classes,accuracy,f1_weighted,logloss,fit_seconds,predict_seconds,status,error
customer_satisfaction_in_airline,103904,25976,21,2,0.8332691715429628,0.8330508435368499,0.3957749804202812,12.407619953155518,180.9369833469391,ok,
pc1,887,222,21,2,0.9369369369369369,0.9168041280717337,0.18651517229377582,0.4140315055847168,0.36187744140625,ok,
pendigits,8793,2199,16,10,0.810368349249659,0.8101369521332594,0.8813616227807709,0.4236278533935547,2.9873032569885254,ok,
shuttle,46400,11600,9,7,0.995,0.9930230993991781,0.03161098997894494,0.508324146270752,36.38211417198181,ok,
