dataset_id,n_train,n_test,n_features,n_classes,accuracy,f1_weighted,logloss,fit_seconds,predict_seconds,status,error
customer_satisfaction_in_airline,103904,25976,21,2,0.8934785956267324,0.8937166989435097,0.2682625493643749,12.137819290161133,181.1084325313568,ok,
pc1,887,222,21,2,0.9324324324324325,0.8998298998298998,0.1904568492695894,0.3254432678222656,0.3613252639770508,ok,
phoneme,4323,1081,5,2,0.8427382053654024,0.8427382053654024,0.3464593279802833,0.2930746078491211,0.6411817073822021,ok,
ringnorm,5920,1480,20,2,0.972972972972973,0.9729645781214268,0.10370844095078015,0.34107041358947754,2.0890305042266846,ok,
spambase,3680,921,57,2,0.8707926167209555,0.8654248872348292,0.3359048450324737,0.3752596378326416,2.4056200981140137,ok,
texture,4400,1100,40,11,0.9754545454545455,0.9756186284896747,0.11435788174960873,0.36949920654296875,6.076083660125732,ok,
