dataset_id,n_train,n_test,n_features,n_classes,accuracy,f1_weighted,logloss,fit_seconds,predict_seconds,status,error
dabetes_130-us_hospitals,81412,20354,20,2,0.614866856637516,0.5959005649494739,0.6676153312473366,11.59735369682312,115.59135031700134,ok,
artificial-characters,8174,2044,7,10,0.6076320939334638,0.5854876932916038,0.911327579062212,0.32079124450683594,2.2608587741851807,ok,
credit,13371,3343,10,2,0.7750523481902483,0.7740604750768549,0.505887124719167,0.35908055305480957,4.5560338497161865,ok,
eeg-eye-state,11984,2996,14,2,0.7176234979973297,0.6818132072964557,0.5009060215045392,0.3819398880004883,4.344312429428101,ok,
gina_agnostic,2774,694,970,2,0.6051873198847262,0.5291274418021669,0.623390456094307,1.8696072101593018,32.78472900390625,ok,
mfeat-fourier,1600,400,76,10,0.7725,0.7623296279495694,1.0370061978270215,0.32590818405151367,1.2975294589996338,ok,
mfeat-morphological,1600,400,6,10,0.75,0.7353778212283636,0.5216025565443827,0.25406455993652344,0.3498082160949707,ok,
mfeat-pixel,1600,400,240,10,0.9225,0.9223514595810457,0.5601260964764474,0.49484968185424805,3.640673875808716,ok,
naticusdroid+android+permissions+dataset,23465,5867,86,2,0.7537071757286518,0.7389295083807911,0.4922439810141285,0.880936861038208,25.914847135543823,ok,
