dataset_id,n_train,n_test,n_features,n_classes,accuracy,f1_weighted,logloss,fit_seconds,predict_seconds,status,error
customer_satisfaction_in_airline,103904,25976,21,2,0.8934785956267324,0.8937166989435097,0.2682625493643749,11.714416980743408,179.75306057929993,ok,
pc1,887,222,21,2,0.9324324324324325,0.8998298998298998,0.1904568492695894,0.3054959774017334,0.36110854148864746,ok,
pc4,1166,292,37,2,0.8835616438356164,0.8350961703521185,0.2571686312318365,0.2852346897125244,0.5942530632019043,ok,
predict_students_dropout_and_academic_success,3539,885,34,3,0.7333333333333333,0.6596524419613691,0.758085534318912,0.2828335762023926,1.6485950946807861,ok,
segment,1848,462,17,7,0.9242424242424242,0.9238242640957354,0.21891841663857942,0.2513086795806885,0.5951197147369385,ok,
shuttle,46400,11600,9,7,0.9964655172413793,0.9951313898428892,0.014986650590704517,0.45700645446777344,36.14197254180908,ok,
