dataset_id,n_train,n_test,n_features,n_classes,accuracy,f1_weighted,logloss,fit_seconds,predict_seconds,status,error
customer_satisfaction_in_airline,103904,25976,21,2,0.9007930397289806,0.9009071120538804,0.25636279872782486,12.258955001831055,178.38697218894958,ok,
page-blocks,4378,1095,10,5,0.9744292237442922,0.9741118615703448,0.09915697737825789,0.3191866874694824,1.1519949436187744,ok,
phoneme,4323,1081,5,2,0.8482886216466234,0.84814772976096,0.33025069143741254,0.2916126251220703,0.639613151550293,ok,
ringnorm,5920,1480,20,2,0.9702702702702702,0.9702561443021969,0.10433739704219695,0.3295252323150635,2.0837550163269043,ok,
shuttle,46400,11600,9,7,0.9971551724137931,0.9962331185780228,0.007940814014313726,0.48110175132751465,35.92364287376404,ok,
