dataset_id,n_train,n_test,n_features,n_classes,accuracy,f1_weighted,logloss,fit_seconds,predict_seconds,status,error
customer_satisfaction_in_airline,103904,25976,21,2,0.9189251616877118,0.9190048319507275,0.20358455902508477,12.495294332504272,179.67443585395813,ok,
pc3,1250,313,37,2,0.9041533546325878,0.864296616669291,0.26065726378055465,0.3282644748687744,0.6477508544921875,ok,
predict_students_dropout_and_academic_success,3539,885,34,3,0.7536723163841808,0.7034309128500882,0.6077504291982504,0.3453190326690674,1.6560652256011963,ok,
segment,1848,462,17,7,0.9242424242424242,0.9238220362389727,0.19090101986306363,0.30954432487487793,0.5873005390167236,ok,
shuttle,46400,11600,9,7,0.9966379310344827,0.9954330137578904,0.010303219886659616,0.49726033210754395,36.023441314697266,ok,
