dataset_id,n_train,n_test,n_features,n_classes,accuracy,f1_weighted,logloss,fit_seconds,predict_seconds,status,error
customer_satisfaction_in_airline,103904,25976,21,2,0.7492685555897752,0.7474894566040938,0.5181976112665204,12.330430030822754,231.13454747200012,ok,
mozilla4,12436,3109,4,2,0.8173045995496945,0.8137372757336906,0.39715119566073936,0.4934093952178955,1.914428472518921,ok,
naticusdroid+android+permissions+dataset,23465,5867,86,2,0.9002897562638487,0.8999508634952629,0.3392210850878333,1.026674747467041,30.66033411026001,ok,
waveform-5000,4000,1000,40,3,0.644,0.6454616354034102,1.0324546440570619,0.45794200897216797,2.0463242530822754,ok,
