dataset_id,n_train,n_test,n_features,n_classes,accuracy,f1_weighted,logloss,fit_seconds,predict_seconds,status,error
Credit_c,80000,20000,22,3,0.6689,0.6535559970501599,0.7404866309599643,12.516781091690063,149.79842019081116,ok,
eye_movements_bin,6086,1522,20,2,0.5643889618922471,0.5626851874724534,0.687594786826587,0.4865381717681885,23.456291675567627,ok,
internet_firewall,52425,13107,7,4,0.9203479056992446,0.917815176433432,0.2175308789953611,0.5208542346954346,109.36184406280518,ok,
