dataset_id,n_train,n_test,n_features,n_classes,accuracy,f1_weighted,logloss,fit_seconds,predict_seconds,status,error
customer_satisfaction_in_airline,103904,25976,21,2,0.9084154604250076,0.9084535486232117,0.2228792587961272,12.191965341567993,179.44505620002747,ok,
pc4,1166,292,37,2,0.8801369863013698,0.8510486326065282,0.21869229511953067,0.35083913803100586,0.5970325469970703,ok,
qsar,844,211,40,2,0.8909952606635071,0.8899623050083783,0.27903174479025855,0.33762216567993164,0.48496484756469727,ok,
ringnorm,5920,1480,20,2,0.9668918918918918,0.9668790209001151,0.11219461725153144,0.3480110168457031,2.0865674018859863,ok,
splice,2552,638,60,3,0.8134796238244514,0.799052963750326,0.5618509593914037,0.39423561096191406,1.784174919128418,ok,
telco-customer-churn,5634,1409,18,2,0.7885024840312278,0.7613852247320629,0.43091408825005334,0.33935070037841797,1.9022395610809326,ok,
vehicle,676,170,18,4,0.7647058823529411,0.759648252570077,0.40775872219711623,0.30886030197143555,0.2852754592895508,ok,
wall-robot-navigation,4364,1092,24,4,0.9514652014652014,0.9513888572539079,0.16832035110592586,0.34348487854003906,1.647829532623291,ok,
waveform_database_generator_version_1,4000,1000,21,3,0.848,0.845960663439788,0.35385848968548744,0.33518290519714355,1.4177641868591309,ok,
