dataset_id,n_train,n_test,n_features,n_classes,accuracy,f1_weighted,logloss,fit_seconds,predict_seconds,status,error
SDSS17,80000,20000,12,3,0.82105,0.809445311054247,0.5603423373680515,12.052416324615479,147.41371774673462,ok,
Indian_pines,7315,1829,220,8,0.6735921268452706,0.618297600727504,0.7363273817499402,1.0857312679290771,90.98420596122742,ok,
mfeat-karhunen,1600,400,64,10,0.3925,0.3695313785223431,2.172807808741307,0.39521217346191406,1.3661036491394043,ok,
mfeat-zernike,1600,400,47,10,0.4975,0.4816723096795835,1.909203464613404,0.3964231014251709,1.4685425758361816,ok,
mobile_c36_oversampling,41408,10352,6,2,0.8707496136012365,0.8701130041086855,0.3508286791247185,0.4283733367919922,29.38693642616272,ok,
taiwanese_bankruptcy_prediction,5455,1364,95,2,0.967741935483871,0.9518773135906928,0.13131890619240982,0.6968703269958496,21.90855836868286,ok,
