dataset_id,n_train,n_test,n_features,n_classes,accuracy,f1_weighted,logloss,fit_seconds,predict_seconds,status,error
customer_satisfaction_in_airline,103904,25976,21,2,0.874461040960887,0.8744971653162303,0.32727748218429054,11.925206661224365,180.2670292854309,ok,
pc4,1166,292,37,2,0.8835616438356164,0.8350961703521185,0.2544676435944929,0.4214138984680176,0.5940418243408203,ok,
qsar,844,211,40,2,0.8530805687203792,0.8489369564298779,0.33631508231135315,0.375302791595459,0.4812760353088379,ok,
rl,3976,994,12,2,0.6408450704225352,0.6370982834527299,0.6541165282062682,0.3533604145050049,1.0853896141052246,ok,
seismic+bumps,2067,517,18,2,0.9342359767891683,0.9024719535783365,0.2283871508161632,0.3041245937347412,0.6634705066680908,ok,
splice,2552,638,60,3,0.6520376175548589,0.5988720989096438,0.789054217045104,0.38196301460266113,1.7818303108215332,ok,
taiwanese_bankruptcy_prediction,5455,1364,95,2,0.968475073313783,0.9536657863061864,0.10018320982612171,0.4904031753540039,5.361116886138916,ok,
website_phishing,1082,271,9,3,0.8708487084870848,0.8604825409884438,0.325119572174151,0.287799596786499,0.29367947578430176,ok,
wine-quality-red,1279,320,4,6,0.603125,0.57750104427736,0.961616448020212,0.26868557929992676,0.3065321445465088,ok,
