dataset_id,n_train,n_test,n_features,n_classes,accuracy,f1_weighted,logloss,fit_seconds,predict_seconds,status,error
customer_satisfaction_in_airline,103904,25976,21,2,0.5224437942716353,0.40241961046384367,0.6926493105220356,12.33509373664856,176.74485611915588,ok,
optdigits,4496,1124,64,10,0.10053380782918149,0.018367534817619255,2.3345398834020745,0.5598580837249756,3.157912254333496,ok,
rice_cammeo_and_osmancik,3048,762,7,2,0.7099737532808399,0.6665299686404024,0.6867653467632944,0.37197279930114746,0.6765391826629639,ok,
satimage,5144,1286,36,6,0.23716951788491447,0.09428080494942974,1.7796512855380802,0.38378310203552246,2.488886594772339,ok,
steel_plates_faults,1552,389,27,7,0.09768637532133675,0.017386802164921767,1.977712108035914,0.31022191047668457,0.6522455215454102,ok,
taiwanese_bankruptcy_prediction,5455,1364,95,2,0.967741935483871,0.9518773135906928,0.6538339440405849,0.5047667026519775,5.33697247505188,ok,
wine,2043,511,4,2,0.5107632093933464,0.38565177945047235,0.6931320991880462,0.2960364818572998,0.20922040939331055,ok,
wine-quality-white,3918,980,11,7,0.0336734693877551,0.002196095829636202,2.1162211429524587,0.2984440326690674,1.0688323974609375,ok,
