dataset_id,n_train,n_test,n_features,n_classes,accuracy,f1_weighted,logloss,fit_seconds,predict_seconds,status,error
customer_satisfaction_in_airline,103904,25976,21,2,0.8686864798275331,0.868745422446949,0.32114488987466633,12.319282293319702,181.53328108787537,ok,
qsar,844,211,40,2,0.8341232227488151,0.8285445562778024,0.3534666865087454,0.43431973457336426,0.4819793701171875,ok,
rl,3976,994,12,2,0.6519114688128773,0.6508031272210376,0.6284269662612976,0.3241612911224365,1.0810115337371826,ok,
seismic+bumps,2067,517,18,2,0.9323017408123792,0.9015049866113696,0.23951071419468292,0.32222723960876465,0.6438045501708984,ok,
splice,2552,638,60,3,0.7398119122257053,0.7169878148008149,0.6081034610994221,0.3957357406616211,1.7740042209625244,ok,
taiwanese_bankruptcy_prediction,5455,1364,95,2,0.967741935483871,0.9518773135906928,0.1072516954066281,0.504915714263916,5.337406873703003,ok,
wine,2043,511,4,2,0.735812133072407,0.7349881220868568,0.5294426304071292,0.2955186367034912,0.2108461856842041,ok,
wine-quality-white,3918,980,11,7,0.5918367346938775,0.5310996281803944,1.0588425308785174,0.2979857921600342,1.069899559020996,ok,
