dataset_id,n_train,n_test,n_features,n_classes,accuracy,f1_weighted,logloss,fit_seconds,predict_seconds,status,error
customer_satisfaction_in_airline,103904,25976,21,2,0.8401986449029873,0.8394655631420179,0.4085821431408023,11.959646701812744,176.74046063423157,ok,
online_shoppers,9864,2466,14,2,0.8507704785077048,0.7881780534006629,0.3095614178951759,0.345076322555542,3.2700212001800537,ok,
pol,8065,2017,26,2,0.9236489836390679,0.9236315258768182,0.35480085720925986,0.3484973907470703,3.4493589401245117,ok,
sports_articles_for_objectivity_analysis,800,200,59,2,0.825,0.8235863523097566,0.4244939357850606,0.3256797790527344,0.5628254413604736,ok,
steel_plates_faults,1552,389,27,7,0.6889460154241646,0.6580683938311284,0.8539790034274809,0.3009777069091797,0.646881103515625,ok,
telco-customer-churn,5634,1409,18,2,0.7629524485450674,0.7009394329905293,0.45232718201401084,0.34736132621765137,1.89613676071167,ok,
twonorm,5920,1480,20,2,0.956081081081081,0.9560730795575244,0.16784601174486882,0.32529330253601074,2.076289176940918,ok,
waveform-5000,4000,1000,40,3,0.787,0.783580543319759,0.724181947114223,0.34065723419189453,2.034925937652588,ok,
