dataset_id,n_train,n_test,n_features,n_classes,accuracy,f1_weighted,logloss,fit_seconds,predict_seconds,status,error
customer_satisfaction_in_airline,103904,25976,21,2,0.9071450569756698,0.9073321740361251,0.24207303295721116,12.578434228897095,233.18934535980225,ok,
led24,2560,640,24,10,0.7234375,0.7183973777251256,0.9260614570138367,0.503753662109375,2.6839089393615723,ok,
led7,2560,640,7,10,0.7421875,0.7360465625160351,0.8170880978189652,0.42745375633239746,1.692934513092041,ok,
madeline,2512,628,259,2,0.5191082802547771,0.5190936467315008,0.6927585641781276,0.734797477722168,20.769248723983765,ok,
mfeat-karhunen,1600,400,64,10,0.8375,0.8371063170619532,1.370107804341397,0.4651315212249756,1.3459455966949463,ok,
mice_protein_expression,864,216,75,8,0.9212962962962963,0.920946655628568,0.6698617059869856,0.49306797981262207,2.0000178813934326,ok,
mobile_c36_oversampling,41408,10352,6,2,0.9435857805255023,0.9438523456822092,0.1625828385596631,0.5353426933288574,36.03444480895996,ok,
wall-robot-navigation,4364,1092,24,4,0.9633699633699634,0.9634064606538725,0.1199223307116242,0.44185709953308105,8.234046220779419,ok,
