dataset_id,n_train,n_test,n_features,n_classes,accuracy,f1_weighted,logloss,fit_seconds,predict_seconds,status,error
customer_satisfaction_in_airline,103904,25976,21,2,0.5473129042192794,0.38718919012193637,0.6894565331732886,12.213950872421265,176.7718629837036,ok,
phoneme,4323,1081,5,2,0.7067530064754857,0.585321731108153,0.6043800716369356,0.3199028968811035,0.639061689376831,ok,
rice_cammeo_and_osmancik,3048,762,7,2,0.5721784776902887,0.4164771557144672,0.6807924922657529,0.29836106300354004,0.6737222671508789,ok,
satimage,5144,1286,36,6,0.23483670295489892,0.08932076107352578,1.7224038201668876,0.3654959201812744,2.478436231613159,ok,
steel_plates_faults,1552,389,27,7,0.34704370179948585,0.17882022802645267,1.6805283443674837,0.2905423641204834,0.6388447284698486,ok,
taiwanese_bankruptcy_prediction,5455,1364,95,2,0.967741935483871,0.9518773135906928,0.14196003724306558,0.5193381309509277,5.332830190658569,ok,
wine,2043,511,4,2,0.5440313111545988,0.5162439918450958,0.693058276628573,0.2930276393890381,0.21051859855651855,ok,
wine-quality-white,3918,980,11,7,0.4489795918367347,0.27824087381431445,1.3331314442731184,0.3086681365966797,1.0551221370697021,ok,
