dataset_id,n_train,n_test,n_features,n_classes,accuracy,f1_weighted,logloss,fit_seconds,predict_seconds,status,error
volkert,46648,11662,180,10,0.36991939632996057,0.2189785336598017,1.8861395144253057,14.56897783279419,280.76356649398804,ok,
one-hundred-plants-texture,1279,320,64,100,0.515625,0.4680830627705627,3.788339475887148,0.48106813430786133,17.25937795639038,ok,
splice,2552,638,60,3,0.542319749216301,0.40413370948719896,0.8873624819887195,0.5084021091461182,15.292767763137817,ok,
