dataset_id,n_train,n_test,n_features,n_classes,accuracy,f1_weighted,logloss,fit_seconds,predict_seconds,status,error
OpenML-ID-1468,864,216,856,9,0.9259259259259259,0.9263965787774665,0.6262469450204401,12.328422546386719,8.055219411849976,ok,
OpenML-ID-41150,104051,26013,50,2,0.9414907930650059,0.9414119302613944,0.14603731181136667,2.038405179977417,204.82966589927673,ok,
