dataset_id,n_train,n_test,n_features,n_classes,accuracy,f1_weighted,logloss,fit_seconds,predict_seconds,status,error
OpenML-ID-1043,3649,913,48,2,0.8346111719605696,0.8274577003007969,0.3476500678714259,11.480408906936646,3.688814163208008,ok,
OpenML-ID-23512,78440,19610,28,2,0.7335033146353901,0.7332442297377555,0.5217167304328906,1.414130449295044,110.12048411369324,ok,
