dataset_id,n_train,n_test,n_features,n_classes,accuracy,f1_weighted,logloss,fit_seconds,predict_seconds,status,error
customer_satisfaction_in_airline,103904,25976,21,2,0.8851247305204805,0.885332650175711,0.30075839745385896,11.716702461242676,176.9518585205078,ok,
optdigits,4496,1124,64,10,0.9261565836298933,0.9260801435967823,1.2203898958660782,0.41632795333862305,3.1628739833831787,ok,
predict_students_dropout_and_academic_success,3539,885,34,3,0.7254237288135593,0.6525294875607097,0.7234460658084824,0.31934046745300293,1.6378860473632812,ok,
segment,1848,462,17,7,0.8874458874458875,0.8850942232500508,0.27815543943300225,0.294614315032959,0.5890228748321533,ok,
shuttle,46400,11600,9,7,0.9957758620689655,0.9936746450082771,0.025229518088076466,0.47525858879089355,35.62985897064209,ok,
