dataset_id,n_train,n_test,n_features,n_classes,accuracy,f1_weighted,logloss,fit_seconds,predict_seconds,status,error
customer_satisfaction_in_airline,103904,25976,21,2,0.7691715429627348,0.7624230153812697,0.47991162983598457,12.498129844665527,244.63374590873718,ok,
mfeat-karhunen,1600,400,64,10,0.255,0.24414467178745425,2.2367128288082423,0.49332571029663086,1.337744951248169,ok,
mice_protein_expression,864,216,75,8,0.35185185185185186,0.3018774140264528,1.8494009268503775,0.3553466796875,0.9160494804382324,ok,
microaggregation2,16000,4000,20,5,0.558,0.39969704749679075,1.179878774531902,0.4190993309020996,14.622699499130249,ok,
online_shoppers,9864,2466,14,2,0.8450932684509327,0.7741425808579093,0.35974276408005196,0.4086146354675293,13.896883487701416,ok,
statlog,800,200,20,2,0.695,0.5909988518943743,0.5993682946498724,0.320936918258667,2.550021171569824,ok,
thyroid,5760,1440,21,3,0.9256944444444445,0.8899752574428016,0.30561728149062495,0.37949633598327637,6.41559362411499,ok,
wine,2043,511,4,2,0.7064579256360078,0.7061518150198756,0.6020286397054215,0.3293275833129883,0.8414154052734375,ok,
