dataset_id,n_train,n_test,n_features,n_classes,accuracy,f1_weighted,logloss,fit_seconds,predict_seconds,status,error
customer_satisfaction_in_airline,103904,25976,21,2,0.8783107483831228,0.8784738424013662,0.3079965604168006,12.459366083145142,230.9759304523468,ok,
madeline,2512,628,259,2,0.5270700636942676,0.44674862983261737,0.6920462549630346,0.8061375617980957,17.962133646011353,ok,
naticusdroid+android+permissions+dataset,23465,5867,86,2,0.9700017044486109,0.9700014098821914,0.09491907430480702,1.0701344013214111,41.09047794342041,ok,
