dataset_id,n_train,n_test,n_features,n_classes,accuracy,f1_weighted,logloss,fit_seconds,predict_seconds,status,error
customer_satisfaction_in_airline,103904,25976,21,2,0.916807822605482,0.9169223821029779,0.22453719083102647,12.646062850952148,243.40096879005432,ok,
mfeat-fourier,1600,400,76,10,0.67,0.6642927819089098,1.2650795278539118,0.5441291332244873,5.9433982372283936,ok,
mozilla4,12436,3109,4,2,0.9154068832422001,0.915089987863529,0.2350035452351134,0.42674708366394043,3.0076236724853516,ok,
national-longitudinal-survey-binary,3926,982,16,2,0.8615071283095723,0.8590025800859298,0.33527608079567106,0.3972170352935791,1.848437786102295,ok,
one-hundred-plants-margin,1280,320,64,100,0.74375,0.732452876984127,2.092382858125,2.682931423187256,5.462244987487793,ok,
online_shoppers,9864,2466,14,2,0.8629359286293593,0.8184298901344844,0.3018646077124171,0.34926414489746094,13.590108394622803,ok,
ringnorm,5920,1480,20,2,0.9804054054054054,0.980405271206577,0.0641140471051154,0.39088988304138184,10.629604816436768,ok,
turiye_student_evaluation,4656,1164,32,5,0.48195876288659795,0.3759996918721552,1.281658265440942,0.5402185916900635,8.826110363006592,ok,
