dataset_id,n_train,n_test,n_features,n_classes,accuracy,f1_weighted,logloss,fit_seconds,predict_seconds,status,error
customer_satisfaction_in_airline,103904,25976,21,2,0.8860486603018171,0.8861177301595833,0.2929326046263152,12.237610101699829,184.7250792980194,ok,
one-hundred-plants-margin,1280,320,64,100,0.74375,0.7303693181818182,1.8706702780628497,0.5200786590576172,4.3571741580963135,ok,
online_shoppers,9864,2466,14,2,0.8767234387672344,0.8471427475801857,0.2852896129321446,0.4510321617126465,3.2799384593963623,ok,
pendigits,8793,2199,16,10,0.9795361527967258,0.9795224967802576,0.08150152370103654,0.37447309494018555,2.970097541809082,ok,
segment,1848,462,17,7,0.8896103896103896,0.8890161967139637,0.24855056570865405,0.3102407455444336,0.5853121280670166,ok,
semeion,1274,319,256,10,0.8996865203761756,0.8997336885134354,0.571253089351021,0.5311920642852783,3.1389005184173584,ok,
texture,4400,1100,40,11,0.9454545454545454,0.9454338697867599,0.23229353236241407,0.36419153213500977,6.112992763519287,ok,
website_phishing,1082,271,9,3,0.8819188191881919,0.8802639101261287,0.2928195150367901,0.2913978099822998,0.2901499271392822,ok,
wine,2043,511,4,2,0.7553816046966731,0.7549875446630456,0.522740160546047,0.28925561904907227,0.20860004425048828,ok,
