dataset_id,n_train,n_test,n_features,n_classes,accuracy,f1_weighted,logloss,fit_seconds,predict_seconds,status,error
customer_satisfaction_in_airline,103904,25976,21,2,0.8934785956267324,0.8937166989435097,0.2682625493643749,11.85214638710022,182.06092023849487,ok,
rice_cammeo_and_osmancik,3048,762,7,2,0.916010498687664,0.916010498687664,0.19905563612941732,0.30500102043151855,0.68453049659729,ok,
satimage,5144,1286,36,6,0.890357698289269,0.8834835824401805,0.2845660386893642,0.317838191986084,2.506371259689331,ok,
statlog,800,200,20,2,0.74,0.7150883048254764,0.5171160866035378,0.255126953125,0.31440186500549316,ok,
steel_plates_faults,1552,389,27,7,0.7480719794344473,0.7411973138504475,0.6304959107068853,0.2605776786804199,0.655134916305542,ok,
telco-customer-churn,5634,1409,18,2,0.7913413768630234,0.7950145235664021,0.44287103072429784,0.298264741897583,1.918013095855713,ok,
twonorm,5920,1480,20,2,0.9790540540540541,0.9790540636166706,0.09251742198626303,0.2810332775115967,2.0944433212280273,ok,
waveform_database_generator,3999,1000,21,3,0.342,0.2757652199624611,1.100042962969318,0.2698991298675537,1.4463858604431152,ok,
