dataset_id,n_train,n_test,n_features,n_classes,accuracy,f1_weighted,logloss,fit_seconds,predict_seconds,status,error
customer_satisfaction_in_airline,103904,25976,21,2,0.9212734832152757,0.9213484513664616,0.2071006183223545,11.819347620010376,180.5466594696045,ok,
pc1,887,222,21,2,0.9324324324324325,0.8998298998298998,0.1680215277134554,0.2865114212036133,0.3604397773742676,ok,
pc4,1166,292,37,2,0.8904109589041096,0.8654671846248212,0.2076127556361055,0.2856144905090332,0.5998556613922119,ok,
predict_students_dropout_and_academic_success,3539,885,34,3,0.7536723163841808,0.7034417753244081,0.6089072417884285,0.2840549945831299,1.6433134078979492,ok,
segment,1848,462,17,7,0.9264069264069265,0.9254977115172017,0.1935491842027108,0.25275087356567383,0.5834262371063232,ok,
semeion,1274,319,256,10,0.9028213166144201,0.9040733587607164,0.4901661753885597,0.47785282135009766,3.144087314605713,ok,
thyroid,5760,1440,21,3,0.9868055555555556,0.9862761310564484,0.04101395959807788,0.2932553291320801,2.0672447681427,ok,
wall-robot-navigation,4364,1092,24,4,0.9633699633699634,0.9633565217442889,0.1278529900305241,0.2829780578613281,1.6437525749206543,ok,
waveform_database_generator_version_1,4000,1000,21,3,0.85,0.8485959973031386,0.3300607145022115,0.2715017795562744,1.4240195751190186,ok,
