dataset_id,n_train,n_test,n_features,n_classes,accuracy,f1_weighted,logloss,fit_seconds,predict_seconds,status,error
customer_satisfaction_in_airline,103904,25976,21,2,0.8934785956267324,0.8937166989435097,0.2682625493643749,11.675334215164185,176.74382662773132,ok,
optdigits,4496,1124,64,10,0.943950177935943,0.9439002685360176,0.5706902870690669,0.3968966007232666,3.161972761154175,ok,
qsar,844,211,40,2,0.8578199052132701,0.8534296716316859,0.3667069417878023,0.28076982498168945,0.4909517765045166,ok,
ringnorm,5920,1480,20,2,0.972972972972973,0.9729645781214268,0.10370844095078015,0.2893810272216797,2.0833137035369873,ok,
spambase,3680,921,57,2,0.8707926167209555,0.8654248872348292,0.3359048450324737,0.32353925704956055,2.399214744567871,ok,
texture,4400,1100,40,11,0.9754545454545455,0.9756186284896747,0.11435788174960873,0.3135848045349121,6.453403949737549,ok,
