dataset_id,n_train,n_test,n_features,n_classes,accuracy,f1_weighted,logloss,fit_seconds,predict_seconds,status,error
SDSS17,80000,20000,12,3,0.6006,0.46602341834396527,0.8275389699064956,11.72813892364502,147.85022020339966,ok,
jungle_chess_2pcs_raw_endgame_complete,35855,8964,6,3,0.606314145470772,0.5716612586591455,0.8214419135970634,0.5505106449127197,23.401183605194092,ok,
mfeat-morphological,1600,400,6,10,0.66,0.6178695389975877,1.0151135591363856,0.36104917526245117,0.6171119213104248,ok,
mfeat-zernike,1600,400,47,10,0.4825,0.4922667890823407,2.0353810569362376,0.39218831062316895,1.0178046226501465,ok,
mozilla4,12436,3109,4,2,0.8054036667738823,0.8024607959900828,0.4312330412151579,0.33915257453918457,2.0524258613586426,ok,
naticusdroid+android+permissions+dataset,23465,5867,86,2,0.8948355207090506,0.8947835961051505,0.35394224268702174,0.9213464260101318,28.088022470474243,ok,
