dataset_id,n_train,n_test,n_features,n_classes,accuracy,f1_weighted,logloss,fit_seconds,predict_seconds,status,error
customer_satisfaction_in_airline,103904,25976,21,2,0.8932476131813982,0.8934581855079713,0.27128848871807515,12.260742902755737,279.061208486557,ok,
mice_protein_expression,864,216,75,8,0.8981481481481481,0.8980117532900237,0.9036682401827549,0.4689314365386963,4.045154094696045,ok,
naticusdroid+android+permissions+dataset,23465,5867,86,2,0.9587523436168399,0.9587430063785712,0.13835798194656296,0.9994900226593018,47.25643253326416,ok,
