dataset_id,n_train,n_test,n_features,n_classes,accuracy,f1_weighted,logloss,fit_seconds,predict_seconds,status,error
customer_satisfaction_in_airline,103904,25976,21,2,0.8892054203880505,0.889358241650658,0.29066789875386695,11.781614065170288,181.0218963623047,ok,
pc3,1250,313,37,2,0.9041533546325878,0.864296616669291,0.2698762260217855,0.3985464572906494,0.6557579040527344,ok,
predict_students_dropout_and_academic_success,3539,885,34,3,0.7333333333333333,0.6678294103911168,0.6565567418490643,0.3926377296447754,1.6475884914398193,ok,
segment,1848,462,17,7,0.9112554112554112,0.910215694112742,0.23398989175913737,0.3560957908630371,0.5923717021942139,ok,
spambase,3680,921,57,2,0.9261672095548317,0.9252393499712444,0.21640283601690724,0.3774697780609131,2.4041295051574707,ok,
texture,4400,1100,40,11,0.9281818181818182,0.9282972761160797,0.3054059418599255,0.3457298278808594,6.395824909210205,ok,
