dataset_id,n_train,n_test,n_features,n_classes,accuracy,f1_weighted,logloss,fit_seconds,predict_seconds,status,error
customer_satisfaction_in_airline,103904,25976,21,2,0.8934785956267324,0.8937166989435097,0.2682625493643749,12.229707717895508,178.4606478214264,ok,
pc1,887,222,21,2,0.9324324324324325,0.8998298998298998,0.1904568492695894,0.32843971252441406,0.36540842056274414,ok,
pc4,1166,292,37,2,0.8835616438356164,0.8350961703521185,0.2571686312318365,0.3192329406738281,0.590601921081543,ok,
predict_students_dropout_and_academic_success,3539,885,34,3,0.7333333333333333,0.6596524419613691,0.758085534318912,0.33682751655578613,1.6413249969482422,ok,
segment,1848,462,17,7,0.9242424242424242,0.9238242640957354,0.21891841663857942,0.30829644203186035,0.5774853229522705,ok,
shuttle,46400,11600,9,7,0.9964655172413793,0.9951313898428892,0.014986650590704517,0.49237489700317383,35.777124643325806,ok,
