dataset_id,n_train,n_test,n_features,n_classes,accuracy,f1_weighted,logloss,fit_seconds,predict_seconds,status,error
customer_satisfaction_in_airline,103904,25976,21,2,0.7794502617801047,0.7779848110604405,0.4658252314678261,11.724083662033081,177.08288550376892,ok,
online_shoppers,9864,2466,14,2,0.8450932684509327,0.7741425808579093,0.4030909571990047,0.35953474044799805,3.2707252502441406,ok,
predict_students_dropout_and_academic_success,3539,885,34,3,0.6790960451977401,0.608819179017317,0.8363308377264996,0.312366247177124,1.6406450271606445,ok,
segment,1848,462,17,7,0.7402597402597403,0.7132688547927445,0.9353595369247907,0.2838752269744873,0.5883774757385254,ok,
shuttle,46400,11600,9,7,0.9360344827586207,0.9279370305235545,0.24514839612061415,0.47936439514160156,35.71228218078613,ok,
