dataset_id,n_train,n_test,n_features,n_classes,accuracy,f1_weighted,logloss,fit_seconds,predict_seconds,status,error
customer_satisfaction_in_airline,103904,25976,21,2,0.7700954727440714,0.7682210523074279,0.49124538052439914,12.489953994750977,220.82720351219177,ok,
twonorm,5920,1480,20,2,0.9736486486486486,0.9736486125574826,0.08980135441299386,0.47312283515930176,2.1372392177581787,ok,
waveform_database_generator_version_1,4000,1000,21,3,0.683,0.6677382368905396,0.948943316519013,0.41289854049682617,1.4140324592590332,ok,
