dataset_id,n_train,n_test,n_features,n_classes,accuracy,f1_weighted,logloss,fit_seconds,predict_seconds,status,error
customer_satisfaction_in_airline,103904,25976,21,2,0.8934785956267324,0.8937166989435097,0.2682625493643749,11.85361909866333,178.71680092811584,ok,
ozone-level-8hr,2027,507,72,2,0.9368836291913215,0.9063538164274496,0.18920775848682853,0.3472163677215576,1.5938193798065186,ok,
predict_students_dropout_and_academic_success,3539,885,34,3,0.7333333333333333,0.6596524419613691,0.758085534318912,0.30263638496398926,1.6552793979644775,ok,
segment,1848,462,17,7,0.9242424242424242,0.9238242640957354,0.21891841663857942,0.2528674602508545,0.5850865840911865,ok,
semeion,1274,319,256,10,0.890282131661442,0.8908451424417267,0.8273046540670005,0.4736630916595459,3.1585299968719482,ok,
thyroid,5760,1440,21,3,0.9777777777777777,0.9761925905896907,0.058594494664537686,0.29388427734375,2.070896625518799,ok,
water_quality,6396,1600,20,2,0.89,0.8417244497188551,0.2735850728785338,0.27336668968200684,2.0926220417022705,ok,
website_phishing,1082,271,9,3,0.8856088560885609,0.870512598719507,0.2966810375762015,0.24119067192077637,0.29381871223449707,ok,
wine-quality-red,1279,320,4,6,0.578125,0.5552132381662583,0.965048511778134,0.23623371124267578,0.30086851119995117,ok,
