dataset_id,n_train,n_test,n_features,n_classes,accuracy,f1_weighted,logloss,fit_seconds,predict_seconds,status,error
volkert,46648,11662,180,10,0.5065168924712742,0.4145676872377388,1.447317103543633,16.33946990966797,232.27710843086243,ok,
maternal_health_risk,811,203,6,3,0.7931034482758621,0.7893215795930822,0.5350115113504225,0.4491298198699951,1.0850715637207031,ok,
mfeat-fourier,1600,400,76,10,0.73,0.7247308574220923,1.129998199937122,0.544680118560791,3.5188825130462646,ok,
mfeat-morphological,1600,400,6,10,0.715,0.710715052176727,0.5682876001060615,0.4723024368286133,1.0239694118499756,ok,
mfeat-zernike,1600,400,47,10,0.735,0.7202735829373449,0.7155563928007993,0.48889660835266113,2.1486380100250244,ok,
mobile_c36_oversampling,41408,10352,6,2,0.9441653786707882,0.9443719531463151,0.1542429975207913,0.5370697975158691,23.122938632965088,ok,
taiwanese_bankruptcy_prediction,5455,1364,95,2,0.968475073313783,0.9536657863061864,0.09587488652543191,0.6559247970581055,5.793066740036011,ok,
waveform_database_generator,3999,1000,21,3,0.347,0.3324537380053541,1.098215167161015,0.4738142490386963,1.7631897926330566,ok,
