dataset_id,n_train,n_test,n_features,n_classes,accuracy,f1_weighted,logloss,fit_seconds,predict_seconds,status,error
customer_satisfaction_in_airline,103904,25976,21,2,0.8919772097320604,0.8921371578989333,0.26984044547254776,13.892000198364258,256.16460824012756,ok,
maternal_health_risk,811,203,6,3,0.8029556650246306,0.7982202585403377,0.5044638280547422,0.43951845169067383,0.8779611587524414,ok,
mfeat-factors,1600,400,216,10,0.9625,0.9623002103286654,0.2723653755793226,0.6231460571289062,14.778301239013672,ok,
optdigits,4496,1124,64,10,0.9715302491103203,0.9715207171016096,0.14496573535055363,0.5328414440155029,6.542433023452759,ok,
segment,1848,462,17,7,0.9155844155844156,0.9158801670947148,0.24082661991357582,0.41022181510925293,5.471832513809204,ok,
texture,4400,1100,40,11,0.95,0.9501233758685385,0.18880164277085895,0.46183109283447266,27.14821219444275,ok,
