dataset_id,n_train,n_test,n_features,n_classes,accuracy,f1_weighted,logloss,fit_seconds,predict_seconds,status,error
customer_satisfaction_in_airline,103904,25976,21,2,0.8934785956267324,0.8937166989435097,0.2682625493643749,11.789114475250244,179.1733946800232,ok,
optdigits,4496,1124,64,10,0.943950177935943,0.9439002685360176,0.570690287122514,0.40454626083374023,3.1612892150878906,ok,
qsar,844,211,40,2,0.8578199052132701,0.8534296716316859,0.3667069417878023,0.30756187438964844,0.4801449775695801,ok,
rl,3976,994,12,2,0.596579476861167,0.5434805266202046,0.6526300633228372,0.28928041458129883,1.093446969985962,ok,
semeion,1274,319,256,10,0.890282131661442,0.8908451424417267,0.8273046540670005,0.5116269588470459,3.134633779525757,ok,
thyroid-ann,3017,755,21,3,0.9721854304635762,0.9694880911081754,0.05897155616936975,0.3109891414642334,1.0918619632720947,ok,
turiye_student_evaluation,4656,1164,32,5,0.4029209621993127,0.32798114604539147,1.4137440742720158,0.33505892753601074,2.0778815746307373,ok,
waveform-5000,4000,1000,40,3,0.79,0.7825578529657475,0.5413117531166104,0.3285503387451172,2.0341198444366455,ok,
