dataset_id,n_train,n_test,n_features,n_classes,accuracy,f1_weighted,logloss,fit_seconds,predict_seconds,status,error
customer_satisfaction_in_airline,103904,25976,21,2,0.8934785956267324,0.8937166989435097,0.2682625493643749,12.112413167953491,181.68662548065186,ok,
satimage,5144,1286,36,6,0.890357698289269,0.8834835824401805,0.2845660386893642,0.38118648529052734,2.4960641860961914,ok,
statlog,800,200,20,2,0.74,0.7150883048254764,0.5171160866035378,0.2660210132598877,0.3116178512573242,ok,
sylvine,4099,1025,20,2,0.9258536585365854,0.9258367172552152,0.21830408877652474,0.2763850688934326,1.4363505840301514,ok,
thyroid-dis,2240,560,26,5,0.6714285714285714,0.6152642252817254,0.8025134596235891,0.26618146896362305,0.909489631652832,ok,
vehicle,676,170,18,4,0.8176470588235294,0.8140951343500362,0.3657903368649659,0.2460155487060547,0.28192877769470215,ok,
wall-robot-navigation,4364,1092,24,4,0.9267399267399268,0.9266513295296789,0.2627993486341694,0.28440427780151367,1.656416893005371,ok,
waveform_database_generator_version_1,4000,1000,21,3,0.859,0.8580716313632547,0.34067790466117737,0.27225780487060547,1.4180009365081787,ok,
