dataset_id,n_train,n_test,n_features,n_classes,accuracy,f1_weighted,logloss,fit_seconds,predict_seconds,status,error
customer_satisfaction_in_airline,103904,25976,21,2,0.8914767477671697,0.8917046247062139,0.2634662280741656,12.293539762496948,180.72077584266663,ok,
pol,8065,2017,26,2,0.9588497768963807,0.9588455282323431,0.11935216366843307,0.5085749626159668,3.472071647644043,ok,
sports_articles_for_objectivity_analysis,800,200,59,2,0.815,0.8128225695305825,0.4308367269735682,0.3616001605987549,0.5771713256835938,ok,
steel_plates_faults,1552,389,27,7,0.7069408740359897,0.6869399965127794,0.7107890873612582,0.3221430778503418,0.6476225852966309,ok,
telco-customer-churn,5634,1409,18,2,0.7906316536550745,0.7765174564893529,0.43789119372586793,0.3470346927642822,1.8997414112091064,ok,
turiye_student_evaluation,4656,1164,32,5,0.4630584192439863,0.36004004795267813,1.3117486120336628,0.3362843990325928,2.0873401165008545,ok,
waveform-5000,4000,1000,40,3,0.785,0.7836930336676219,0.7908034551321833,0.33863139152526855,2.051769495010376,ok,
