dataset_id,n_train,n_test,n_features,n_classes,accuracy,f1_weighted,logloss,fit_seconds,predict_seconds,status,error
customer_satisfaction_in_airline,103904,25976,21,2,0.8509008315368032,0.8510722720157854,0.35564151209020195,12.373964548110962,180.5302472114563,ok,
page-blocks,4378,1095,10,5,0.9598173515981735,0.955489147680742,0.14557942739948218,0.44812750816345215,1.153656244277954,ok,
pendigits,8793,2199,16,10,0.8567530695770805,0.8561931945583867,0.7514585018242766,0.36278438568115234,2.9796760082244873,ok,
semeion,1274,319,256,10,0.799373040752351,0.7991291849322771,1.155415160284155,0.5468950271606445,3.13488507270813,ok,
thyroid,5760,1440,21,3,0.9423611111111111,0.9214989269517332,0.12022517296836252,0.33166956901550293,2.0662953853607178,ok,
wall-robot-navigation,4364,1092,24,4,0.8672161172161172,0.8631828301727908,0.5071372951321218,0.3441281318664551,1.6444053649902344,ok,
waveform_database_generator,3999,1000,21,3,0.338,0.29156781958249883,1.0984996159359748,0.32801246643066406,1.4439537525177002,ok,
yeast,1187,297,8,10,0.569023569023569,0.5468237032884485,1.2222346427856148,0.29364681243896484,0.3072929382324219,ok,
