dataset_id,n_train,n_test,n_features,n_classes,accuracy,f1_weighted,logloss,fit_seconds,predict_seconds,status,error
customer_satisfaction_in_airline,103904,25976,21,2,0.8712657838004312,0.8715161978701537,0.3320365774566012,12.656852722167969,181.03923416137695,ok,
pc4,1166,292,37,2,0.8664383561643836,0.813975116249843,0.25968470842794716,0.43813633918762207,0.5910518169403076,ok,
qsar,844,211,40,2,0.8530805687203792,0.8496890233903495,0.3237067196899179,0.4019930362701416,0.476978063583374,ok,
rl,3976,994,12,2,0.6488933601609658,0.6412595099745505,0.6353380872447039,0.38971400260925293,1.0805752277374268,ok,
seismic+bumps,2067,517,18,2,0.9342359767891683,0.9024719535783365,0.22360327062072774,0.3938333988189697,0.6425881385803223,ok,
sports_articles_for_objectivity_analysis,800,200,59,2,0.815,0.8141392070964055,0.4417736131660864,0.41959404945373535,0.5607333183288574,ok,
steel_plates_faults,1552,389,27,7,0.7146529562982005,0.6932245948137487,0.7538198602633627,0.39662814140319824,0.639162540435791,ok,
taiwanese_bankruptcy_prediction,5455,1364,95,2,0.967741935483871,0.9518773135906928,0.10028897800026744,0.5943667888641357,5.344495534896851,ok,
wine,2043,511,4,2,0.735812133072407,0.7354656864089514,0.5347413516510502,0.3786613941192627,0.21011877059936523,ok,
