dataset_id,n_train,n_test,n_features,n_classes,accuracy,f1_weighted,logloss,fit_seconds,predict_seconds,status,error
dabetes_130-us_hospitals,81412,20354,20,2,0.614866856637516,0.5959005649494739,0.6676153312473366,11.617642879486084,115.10303211212158,ok,
analcatdata_authorship,672,169,69,4,0.9822485207100592,0.9822202408890861,0.13225798025491162,0.3516218662261963,0.5843501091003418,ok,
baseball,1072,268,16,3,0.9514925373134329,0.942167188252287,0.158349786388959,0.31571197509765625,0.3725094795227051,ok,
company_bankruptcy_prediction,5455,1364,95,2,0.9699413489736071,0.9570605012471145,0.09226696577656401,0.5201191902160645,5.372387170791626,ok,
electricity,36249,9063,8,2,0.7875979256316893,0.7849918218731721,0.45694425230337,0.44081783294677734,23.055893659591675,ok,
led24,2560,640,24,10,0.75,0.7479970572179209,0.9700927671601249,0.27231693267822266,0.9480488300323486,ok,
led7,2560,640,7,10,0.7296875,0.732358304907808,0.8377531245966701,0.2508549690246582,0.5659542083740234,ok,
letter,16000,4000,15,26,0.8955,0.8965053732704295,0.576114464835748,0.36003732681274414,20.753875970840454,ok,
naticusdroid+android+permissions+dataset,23465,5867,86,2,0.7537071757286518,0.7389295083807911,0.4922439810141285,0.8577315807342529,25.91865563392639,ok,
