dataset_id,n_train,n_test,n_features,n_classes,accuracy,f1_weighted,logloss,fit_seconds,predict_seconds,status,error
customer_satisfaction_in_airline,103904,25976,21,2,0.8695334154604251,0.869625779349032,0.3398876705920394,12.368263244628906,180.0763988494873,ok,
pc3,1250,313,37,2,0.8977635782747604,0.8493992104215747,0.27496023297557803,0.4072761535644531,0.6464025974273682,ok,
pol,8065,2017,26,2,0.9186911254338126,0.9186460124943177,0.24069036692320026,0.42662739753723145,3.4823384284973145,ok,
sports_articles_for_objectivity_analysis,800,200,59,2,0.825,0.8229402684748753,0.45842615876687803,0.39400720596313477,0.5633158683776855,ok,
steel_plates_faults,1552,389,27,7,0.6349614395886889,0.5867015180164192,0.8916511846377105,0.36905550956726074,0.6394171714782715,ok,
telco-customer-churn,5634,1409,18,2,0.7849538679914834,0.76129285127442,0.44775276328357605,0.4043419361114502,1.9078254699707031,ok,
turiye_student_evaluation,4656,1164,32,5,0.4733676975945017,0.3629462221631162,1.29877299313548,0.4035165309906006,2.088005304336548,ok,
waveform_database_generator,3999,1000,21,3,0.319,0.2797017194668096,1.0994387626590167,0.38452959060668945,1.4330370426177979,ok,
yeast,1187,297,8,10,0.5656565656565656,0.539690145772092,1.206736341405938,0.35201525688171387,0.3115253448486328,ok,
