dataset_id,n_train,n_test,n_features,n_classes,accuracy,f1_weighted,logloss,fit_seconds,predict_seconds,status,error
dabetes_130-us_hospitals,81412,20354,20,2,0.5855360125773804,0.5585141513208199,0.671146502134618,12.21029543876648,209.6698443889618,ok,
jm1,8708,2177,21,2,0.8107487367937529,0.7421570156077084,0.4440282414138477,1.7684454917907715,17.656688928604126,ok,
madeline,2512,628,259,2,0.5493630573248408,0.5261190410642071,0.6915009354439113,0.702620267868042,9.147185564041138,ok,
mfeat-pixel,1600,400,240,10,0.9475,0.9469408518233083,0.28888930138389457,0.6332237720489502,10.38042950630188,ok,
okcupid_stem,21341,5336,13,3,0.7230134932533733,0.6139854276929922,0.6478332009907528,0.4684271812438965,24.85646152496338,ok,
waveform_database_generator_version_1,4000,1000,21,3,0.786,0.7827191710129187,0.4957798097523574,0.32547497749328613,11.893694639205933,ok,
