dataset_id,n_train,n_test,n_features,n_classes,accuracy,f1_weighted,logloss,fit_seconds,predict_seconds,status,error
customer_satisfaction_in_airline,103904,25976,21,2,0.8924391746227287,0.8926701779591751,0.26998059799532126,12.288490295410156,179.84638905525208,ok,
one-hundred-plants-texture,1279,320,64,100,0.775,0.7567893217893218,2.3006437362715944,0.47246527671813965,4.457567453384399,ok,
pol,8065,2017,26,2,0.9325731284085275,0.9325722002664295,0.16960617036303333,0.3886284828186035,3.457876443862915,ok,
shuttle,46400,11600,9,7,0.9972413793103448,0.9963827455793018,0.008511418778967788,0.4933481216430664,52.051188230514526,ok,
