dataset_id,n_train,n_test,n_features,n_classes,accuracy,f1_weighted,logloss,fit_seconds,predict_seconds,status,error
customer_satisfaction_in_airline,103904,25976,21,2,0.8980597474591931,0.8982062760335656,0.24415173053075442,11.893686294555664,180.14308428764343,ok,
pc1,887,222,21,2,0.9369369369369369,0.9103782520838596,0.17526851091088638,0.33130311965942383,0.36763596534729004,ok,
pc3,1250,313,37,2,0.9073482428115016,0.8712371252647926,0.2643091226417045,0.32452821731567383,0.6489768028259277,ok,
predict_students_dropout_and_academic_success,3539,885,34,3,0.7468926553672316,0.6854903180311316,0.6360515746893185,0.3444821834564209,1.6573364734649658,ok,
segment,1848,462,17,7,0.8961038961038961,0.8943163800973248,0.2412170605669304,0.29491734504699707,0.6023287773132324,ok,
shuttle,46400,11600,9,7,0.9960344827586207,0.9942779655351266,0.01939062141553193,0.4987752437591553,36.12877130508423,ok,
