dataset_id,n_train,n_test,n_features,n_classes,accuracy,f1_weighted,logloss,fit_seconds,predict_seconds,status,error
customer_satisfaction_in_airline,103904,25976,21,2,0.8934785956267324,0.8937166989435097,0.2682625493643749,11.79948902130127,181.90793895721436,ok,
ringnorm,5920,1480,20,2,0.972972972972973,0.9729645781214268,0.10370844095078015,0.3295927047729492,2.0987181663513184,ok,
splice,2552,638,60,3,0.7115987460815048,0.6386280322005573,0.6610171215379449,0.397977352142334,1.7905967235565186,ok,
taiwanese_bankruptcy_prediction,5455,1364,95,2,0.967741935483871,0.9518773135906928,0.10221240498250056,0.49402284622192383,5.384624719619751,ok,
wine,2043,511,4,2,0.7377690802348337,0.737007741271492,0.5466305549070043,0.29035401344299316,0.21408987045288086,ok,
wine-quality-white,3918,980,11,7,0.5673469387755102,0.5413342534853314,1.043445027861767,0.29022836685180664,1.0648975372314453,ok,
