dataset_id,n_train,n_test,n_features,n_classes,accuracy,f1_weighted,logloss,fit_seconds,predict_seconds,status,error
SDSS17,80000,20000,12,3,0.62545,0.5126742220235593,0.7455284005686341,12.468520879745483,185.16376566886902,ok,
house_16H,10790,2698,16,2,0.7520385470719051,0.7515388055688966,0.5787159103726087,0.5015513896942139,8.119683504104614,ok,
jm1,8708,2177,21,2,0.8116674322462104,0.746825790047384,0.45418995665348344,0.4218587875366211,14.42731499671936,ok,
led24,2560,640,24,10,0.171875,0.09608298914718597,2.176541426259896,0.36823511123657227,10.278798341751099,ok,
mammography,8946,2237,6,2,0.9772016092981672,0.9679235682712346,0.07012225082325176,0.4172682762145996,7.528292655944824,ok,
mfeat-morphological,1600,400,6,10,0.665,0.6193901873738248,0.9696852876616885,0.3503296375274658,5.726066827774048,ok,
okcupid_stem,21341,5336,13,3,0.7200149925037481,0.6028105472214863,0.7077959588257807,0.47684454917907715,21.149362325668335,ok,
water_quality,6396,1600,20,2,0.89125,0.8574959389363704,0.2974834903554976,0.3243598937988281,2.451826810836792,ok,
