dataset_id,n_train,n_test,n_features,n_classes,accuracy,f1_weighted,logloss,fit_seconds,predict_seconds,status,error
volkert,46648,11662,180,10,0.4969987995198079,0.4075719388383537,1.4700894265848512,14.142021894454956,110.39087653160095,ok,
JapaneseVowels,7968,1993,14,9,0.9051680883090818,0.9050200354817035,0.3316413293998988,0.5257103443145752,19.087151527404785,ok,
UJI_Pen_Characters,1091,273,80,35,0.2490842490842491,0.23953181273165772,2.8510213778123354,0.4396541118621826,32.45639777183533,ok,
estimation_of_obesity_levels,1688,423,16,7,0.8557919621749409,0.8548947687794918,0.46068962009744213,0.34517478942871094,0.5880038738250732,ok,
eye_movements,8748,2188,27,3,0.5287934186471663,0.5130269060253876,0.9302176431549029,0.4171428680419922,11.87796688079834,ok,
in_vehicle_coupon_recommendation,10147,2537,21,2,0.6302719747733544,0.5812004247453608,0.6376842742861337,0.42923474311828613,11.438401699066162,ok,
kr-vs-k,22444,5612,6,18,0.5224518888096935,0.5090887174851375,1.3619323284714104,0.36049795150756836,76.23758053779602,ok,
wine,2043,511,4,2,0.7397260273972602,0.73773770837512,0.518833466447589,0.3121800422668457,0.25353550910949707,ok,
