dataset_id,n_train,n_test,n_features,n_classes,accuracy,f1_weighted,logloss,fit_seconds,predict_seconds,status,error
customer_satisfaction_in_airline,103904,25976,21,2,0.903834308592547,0.9040412694852911,0.2622776010428272,12.525335550308228,220.6719515323639,ok,
mozilla4,12436,3109,4,2,0.9070440656159536,0.9069147505170723,0.25054329983312856,0.530327320098877,4.983114957809448,ok,
national-longitudinal-survey-binary,3926,982,16,2,0.8594704684317719,0.8563346529946025,0.37215176528743305,0.42441797256469727,2.9890758991241455,ok,
one-hundred-plants-margin,1280,320,64,100,0.74375,0.732691874098124,1.9997519992601531,0.3956124782562256,5.793699026107788,ok,
one-hundred-plants-shape,1280,320,64,100,0.6625,0.640653807997558,1.5843722081997016,0.3581728935241699,30.809521675109863,ok,
wine-quality-red,1279,320,4,6,0.596875,0.564958025893284,0.9507091554337818,0.42833399772644043,0.47034311294555664,ok,
