dataset_id,n_train,n_test,n_features,n_classes,accuracy,f1_weighted,logloss,fit_seconds,predict_seconds,status,error
customer_satisfaction_in_airline,103904,25976,21,2,0.9178087465352633,0.9178771929755746,0.20266266003925354,11.878449440002441,179.63978362083435,ok,
ozone-level-8hr,2027,507,72,2,0.9368836291913215,0.9063538164274496,0.15197950972513072,0.5036468505859375,1.5914008617401123,ok,
phoneme,4323,1081,5,2,0.8547641073080481,0.8526357971303704,0.3320238431027007,0.39230895042419434,0.6405258178710938,ok,
ringnorm,5920,1480,20,2,0.9736486486486486,0.9736398013690829,0.07269767498352814,0.43970465660095215,2.0913703441619873,ok,
spambase,3680,921,57,2,0.9359391965255157,0.9354177615805297,0.18194152499333802,0.4755246639251709,2.400892972946167,ok,
texture,4400,1100,40,11,0.9790909090909091,0.9790777381469404,0.08816061741748114,0.4642481803894043,6.782978296279907,ok,
