dataset_id,n_train,n_test,n_features,n_classes,accuracy,f1_weighted,logloss,fit_seconds,predict_seconds,status,error
customer_satisfaction_in_airline,103904,25976,21,2,0.8934785956267324,0.8937166989435097,0.2682625493643749,11.84792947769165,182.0152223110199,ok,
qsar,844,211,40,2,0.8578199052132701,0.8534296716316859,0.3667069417878023,0.3098270893096924,0.4815406799316406,ok,
rl,3976,994,12,2,0.596579476861167,0.5434805266202046,0.6526300633228372,0.3203604221343994,1.0805213451385498,ok,
seismic+bumps,2067,517,18,2,0.9342359767891683,0.9024719535783365,0.2340078472048028,0.2956116199493408,0.6483798027038574,ok,
splice,2552,638,60,3,0.7115987460815048,0.6386280322005573,0.6610171215379449,0.37412381172180176,1.7900338172912598,ok,
taiwanese_bankruptcy_prediction,5455,1364,95,2,0.967741935483871,0.9518773135906928,0.10221240498250056,0.4795534610748291,5.381045579910278,ok,
wine,2043,511,4,2,0.7377690802348337,0.737007741271492,0.5466305549070043,0.26990294456481934,0.21470260620117188,ok,
yeast,1187,297,8,10,0.5993265993265994,0.5827533558976062,1.0691539344551053,0.2595949172973633,0.31859898567199707,ok,
