dataset_id,n_train,n_test,n_features,n_classes,accuracy,f1_weighted,logloss,fit_seconds,predict_seconds,status,error
customer_satisfaction_in_airline,103904,25976,21,2,0.8753464736680012,0.8753945812798921,0.3101576754085474,11.903602838516235,181.46295189857483,ok,
phoneme,4323,1081,5,2,0.8704902867715079,0.8688045792030894,0.31602573828676467,0.39083170890808105,0.6430344581604004,ok,
ringnorm,5920,1480,20,2,0.9790540540540541,0.9790490123454184,0.06565583635469185,0.34720921516418457,2.0851833820343018,ok,
spambase,3680,921,57,2,0.9153094462540716,0.9141836930646792,0.2324410074644498,0.3687167167663574,2.3988590240478516,ok,
texture,4400,1100,40,11,0.97,0.9699682232828113,0.10734360402452522,0.3541994094848633,6.429792881011963,ok,
