dataset_id,n_train,n_test,n_features,n_classes,accuracy,f1_weighted,logloss,fit_seconds,predict_seconds,status,error
customer_satisfaction_in_airline,103904,25976,21,2,0.8999076070218663,0.9000579342964078,0.2477281590383784,11.725201845169067,181.86387300491333,ok,
qsar,844,211,40,2,0.8720379146919431,0.8697008596697964,0.3015384145681542,0.33265089988708496,0.48137950897216797,ok,
rl,3976,994,12,2,0.6649899396378269,0.6612095462589469,0.6190121300749151,0.30845165252685547,1.0805838108062744,ok,
semeion,1274,319,256,10,0.8683385579937304,0.8701500582780854,0.978700544047873,0.5243604183197021,3.14159893989563,ok,
thyroid-ann,3017,755,21,3,0.9496688741721855,0.9340805327560295,0.10883477163734874,0.313215970993042,1.0932626724243164,ok,
turiye_student_evaluation,4656,1164,32,5,0.47852233676975947,0.36272500288584275,1.3210103080426754,0.34004855155944824,2.0840041637420654,ok,
waveform-5000,4000,1000,40,3,0.836,0.8357294272096305,0.4235842716976855,0.32355356216430664,2.0432777404785156,ok,
