dataset_id,n_train,n_test,n_features,n_classes,accuracy,f1_weighted,logloss,fit_seconds,predict_seconds,status,error
customer_satisfaction_in_airline,103904,25976,21,2,0.8618340006159532,0.861863232649515,0.33911907144766756,12.072202444076538,183.0865557193756,ok,
ringnorm,5920,1480,20,2,0.975,0.9749968604080327,0.06992070202468602,0.423630952835083,2.0951390266418457,ok,
splice,2552,638,60,3,0.7335423197492164,0.7099202538726811,0.6139942136103186,0.4601161479949951,1.7816917896270752,ok,
taiwanese_bankruptcy_prediction,5455,1364,95,2,0.967741935483871,0.9518773135906928,0.09821207012005889,0.5719199180603027,5.347615480422974,ok,
wine,2043,511,4,2,0.7416829745596869,0.7415523314663608,0.5496619039934377,0.3044016361236572,0.21178507804870605,ok,
wine-quality-white,3918,980,11,7,0.5857142857142857,0.5327240525954835,1.0259648277558917,0.2882192134857178,1.0641367435455322,ok,
