dataset_id,n_train,n_test,n_features,n_classes,accuracy,f1_weighted,logloss,fit_seconds,predict_seconds,status,error
customer_satisfaction_in_airline,103904,25976,21,2,0.8952494610409609,0.8954364943817211,0.2701918706030031,12.402393579483032,188.21811723709106,ok,
letter,16000,4000,15,26,0.8505,0.8509425184634513,0.578437682867355,0.5334892272949219,19.44579005241394,ok,
one-hundred-plants-margin,1280,320,64,100,0.7375,0.7221354166666666,1.9323791422264391,0.44988465309143066,4.413372993469238,ok,
online_shoppers,9864,2466,14,2,0.8609083536090836,0.8117748600930129,0.3050134987829166,0.40729665756225586,3.2769052982330322,ok,
pc1,887,222,21,2,0.9414414414414415,0.9199428109746336,0.17232575588522603,0.347240686416626,0.3617970943450928,ok,
pendigits,8793,2199,16,10,0.9736243747157799,0.9735971403590665,0.08985673518130678,0.3685264587402344,2.976776123046875,ok,
segment,1848,462,17,7,0.9134199134199135,0.9128342056651072,0.24114160781807617,0.44067931175231934,0.5951497554779053,ok,
shuttle,46400,11600,9,7,0.9962068965517241,0.994646254366588,0.010875977499232964,0.48296570777893066,36.2642457485199,ok,
