dataset_id,n_train,n_test,n_features,n_classes,accuracy,f1_weighted,logloss,fit_seconds,predict_seconds,status,error
customer_satisfaction_in_airline,103904,25976,21,2,0.9141900215583616,0.9142673966430789,0.2165609339551509,12.167582750320435,178.57039618492126,ok,
optdigits,4496,1124,64,10,0.9768683274021353,0.9768698912960263,0.16684783292997324,0.4203674793243408,3.1688108444213867,ok,
qsar,844,211,40,2,0.8862559241706162,0.8844403574544338,0.2971337204132431,0.2748112678527832,0.4978325366973877,ok,
rl,3976,994,12,2,0.6841046277665996,0.679743068809128,0.5923757731853061,0.2545316219329834,1.0895235538482666,ok,
seismic+bumps,2067,517,18,2,0.9342359767891683,0.9024719535783365,0.22945174870066726,0.2572319507598877,0.6447787284851074,ok,
splice,2552,638,60,3,0.822884012539185,0.8139721083514186,0.5042449309084835,0.34833645820617676,1.791358470916748,ok,
taiwanese_bankruptcy_prediction,5455,1364,95,2,0.967741935483871,0.9518773135906928,0.09383233741846188,0.45738935470581055,5.360335826873779,ok,
wine,2043,511,4,2,0.7318982387475538,0.7309400738109624,0.5339466876225936,0.2543454170227051,0.21006178855895996,ok,
wine-quality-white,3918,980,11,7,0.5959183673469388,0.5680442109936253,0.9471812420063032,0.25693249702453613,1.0593595504760742,ok,
