dataset_id,n_train,n_test,n_features,n_classes,accuracy,f1_weighted,logloss,fit_seconds,predict_seconds,status,error
dabetes_130-us_hospitals,81412,20354,20,2,0.5809668861157512,0.5404488856090417,0.673302696039762,13.60943341255188,187.51447916030884,ok,
Pima_Indians_Diabetes_Database,614,154,8,2,0.7402597402597403,0.7364029459974635,0.46284460406561106,0.5223186016082764,0.5123884677886963,ok,
PizzaCutter3,834,209,37,2,0.8803827751196173,0.8243787817913973,0.2836022502740583,0.4184298515319824,0.4796102046966553,ok,
Satellite,4080,1020,36,2,0.9921568627450981,0.9907463841469554,0.03382254270503362,0.3780992031097412,5.765808582305908,ok,
ada_agnostic,3649,913,48,2,0.8203723986856517,0.8065721754489444,0.3881456096610102,0.35932397842407227,9.940055131912231,ok,
default_of_credit_card_clients,24000,6000,23,2,0.8051666666666667,0.7572982519046968,0.45504986462898067,0.596421480178833,33.30203819274902,ok,
jungle_chess_2pcs_raw_endgame_complete,35855,8964,6,3,0.7908299866131191,0.7774027401703743,0.508956713621881,0.3961317539215088,45.10909152030945,ok,
one-hundred-plants-texture,1279,320,64,100,0.75,0.7313302496114995,2.4798503180718217,0.47472596168518066,35.077476024627686,ok,
