dataset_id,n_train,n_test,n_features,n_classes,accuracy,f1_weighted,logloss,fit_seconds,predict_seconds,status,error
dabetes_130-us_hospitals,81412,20354,20,2,0.6066129507713471,0.5895093966991716,0.6633531630423679,11.911511898040771,153.86804246902466,ok,
eeg-eye-state,11984,2996,14,2,0.8391188251001335,0.8366894505787771,0.42131358383981155,0.4961555004119873,30.826921701431274,ok,
jungle_chess_2pcs_raw_endgame_complete,35855,8964,6,3,0.7925033467202142,0.7819122012101251,0.4924357424955119,0.48205018043518066,74.11621308326721,ok,
sylvine,4099,1025,20,2,0.7629268292682927,0.762254784533473,0.5234535006885835,0.37251710891723633,24.784270763397217,ok,
