dataset_id,n_train,n_test,n_features,n_classes,accuracy,f1_weighted,logloss,fit_seconds,predict_seconds,status,error
customer_satisfaction_in_airline,103904,25976,21,2,0.8934785956267324,0.8937166989435097,0.2682625493643749,11.680685758590698,182.65746974945068,ok,
predict_students_dropout_and_academic_success,3539,885,34,3,0.7333333333333333,0.6596524419613691,0.758085534318912,0.3238391876220703,1.6512303352355957,ok,
segment,1848,462,17,7,0.9242424242424242,0.9238242640957354,0.21891841663857942,0.26154112815856934,0.596644401550293,ok,
semeion,1274,319,256,10,0.890282131661442,0.8908451424417267,0.8273046540670005,0.47797393798828125,3.1548945903778076,ok,
thyroid-ann,3017,755,21,3,0.9721854304635762,0.9694880911081754,0.05897155616936975,0.29518628120422363,1.1150298118591309,ok,
vehicle,676,170,18,4,0.8176470588235294,0.8140951343500362,0.3657903368649659,0.2594478130340576,0.28934454917907715,ok,
wall-robot-navigation,4364,1092,24,4,0.9267399267399268,0.9266513295296789,0.2627993486341694,0.29767847061157227,1.6605684757232666,ok,
waveform_database_generator_version_1,4000,1000,21,3,0.859,0.8580716313632547,0.34067790466117737,0.2877378463745117,1.4254610538482666,ok,
