dataset_id,n_train,n_test,n_features,n_classes,accuracy,f1_weighted,logloss,fit_seconds,predict_seconds,status,error
dabetes_130-us_hospitals,81412,20354,20,2,0.5971799154957257,0.5507330014123686,0.6713640605076189,11.854148387908936,116.85059094429016,ok,
bank,36168,9043,16,2,0.8830034280659074,0.8281398136136093,0.2815674994637438,0.7206954956054688,59.817912340164185,ok,
one-hundred-plants-margin,1280,320,64,100,0.703125,0.6866220238095238,2.3990862395505914,0.40410542488098145,5.981414556503296,ok,
pc1,887,222,21,2,0.9324324324324325,0.8998298998298998,0.20010404675193122,0.3244516849517822,0.3622114658355713,ok,
pc4,1166,292,37,2,0.8767123287671232,0.8191180881911808,0.2828527019980693,0.3817405700683594,0.5981640815734863,ok,
predict_students_dropout_and_academic_success,3539,885,34,3,0.7152542372881356,0.6423811304849544,0.7679251003591002,0.41826605796813965,1.651942491531372,ok,
segment,1848,462,17,7,0.8852813852813853,0.8853099166092667,0.295899304070331,0.3748815059661865,0.584890604019165,ok,
shuttle,46400,11600,9,7,0.9966379310344827,0.995836865444741,0.01599291704875679,0.6968891620635986,39.49612736701965,ok,
