dataset_id,n_train,n_test,n_features,n_classes,accuracy,f1_weighted,logloss,fit_seconds,predict_seconds,status,error
customer_satisfaction_in_airline,103904,25976,21,2,0.9014089929165383,0.9015968383169092,0.263615911712866,12.301057815551758,212.51199507713318,ok,
mfeat-fourier,1600,400,76,10,0.6725,0.6642173038226339,1.309896488213014,0.5315365791320801,3.0355284214019775,ok,
mfeat-zernike,1600,400,47,10,0.7075,0.6922096063972113,0.8486875843926378,0.4558873176574707,3.7040302753448486,ok,
naticusdroid+android+permissions+dataset,23465,5867,86,2,0.9625021305607636,0.9625021436331739,0.13250058713198573,0.9850146770477295,53.0162308216095,ok,
