dataset_id,n_train,n_test,n_features,n_classes,accuracy,f1_weighted,logloss,fit_seconds,predict_seconds,status,error
customer_satisfaction_in_airline,103904,25976,21,2,0.707114259316292,0.7000467973251145,0.5739712151467323,12.094683408737183,179.65865659713745,ok,
pc1,887,222,21,2,0.9324324324324325,0.8998298998298998,0.22942009225593632,0.46375489234924316,0.3590574264526367,ok,
pc3,1250,313,37,2,0.8977635782747604,0.8493992104215747,0.29814013241150344,0.41806507110595703,0.6370782852172852,ok,
pol,8065,2017,26,2,0.8289538919186912,0.8284935503464249,0.46240102364867847,0.4737558364868164,3.457115411758423,ok,
sports_articles_for_objectivity_analysis,800,200,59,2,0.8,0.7964349376114083,0.45212975018755563,0.4436178207397461,0.5629870891571045,ok,
steel_plates_faults,1552,389,27,7,0.36503856041131105,0.2174736626495448,1.5689353456086228,0.416229248046875,0.6356420516967773,ok,
taiwanese_bankruptcy_prediction,5455,1364,95,2,0.967741935483871,0.9518773135906928,0.12702119433569128,0.6213116645812988,5.356635808944702,ok,
wine,2043,511,4,2,0.6594911937377691,0.6594911937377691,0.6209547482901171,0.398665189743042,0.2067251205444336,ok,
wine-quality-white,3918,980,11,7,0.4489795918367347,0.27824087381431445,1.3143265592426487,0.40720152854919434,1.0584156513214111,ok,
