dataset_id,n_train,n_test,n_features,n_classes,accuracy,f1_weighted,logloss,fit_seconds,predict_seconds,status,error
customer_satisfaction_in_airline,103904,25976,21,2,0.9231213427779489,0.9231628285083594,0.19032507090281645,12.387515544891357,180.98565363883972,ok,
pc1,887,222,21,2,0.9324324324324325,0.8998298998298998,0.17993301546372156,0.38411998748779297,0.36110758781433105,ok,
pc4,1166,292,37,2,0.8835616438356164,0.8495318481619851,0.2229638279368401,0.3695793151855469,0.602217435836792,ok,
qsar,844,211,40,2,0.8483412322274881,0.8452113882739802,0.3180753627477187,0.31894946098327637,0.4876058101654053,ok,
ringnorm,5920,1480,20,2,0.9743243243243244,0.9743175693451938,0.07288850760733329,0.31401801109313965,2.091172933578491,ok,
splice,2552,638,60,3,0.8213166144200627,0.8137939602802085,0.4895141364312586,0.3914520740509033,1.784275770187378,ok,
taiwanese_bankruptcy_prediction,5455,1364,95,2,0.969208211143695,0.9553921891619681,0.09140480439843972,0.49204158782958984,5.3565754890441895,ok,
wine,2043,511,4,2,0.7514677103718199,0.7508953740238689,0.5277765949612524,0.2841300964355469,0.2105247974395752,ok,
wine-quality-white,3918,980,11,7,0.6051020408163266,0.5727129593975955,0.9725530586394482,0.2863485813140869,1.0759468078613281,ok,
