dataset_id,n_train,n_test,n_features,n_classes,accuracy,f1_weighted,logloss,fit_seconds,predict_seconds,status,error
customer_satisfaction_in_airline,103904,25976,21,2,0.9024099168463197,0.9025595338200606,0.23586351767758487,12.306958198547363,179.3311846256256,ok,
pc1,887,222,21,2,0.9324324324324325,0.8998298998298998,0.1834063561379553,0.441056489944458,0.35782551765441895,ok,
pc4,1166,292,37,2,0.886986301369863,0.8474875999800641,0.2361033210667835,0.33885860443115234,0.5880534648895264,ok,
predict_students_dropout_and_academic_success,3539,885,34,3,0.7412429378531074,0.6699889316869452,0.6629443205703647,0.35071659088134766,1.6432175636291504,ok,
segment,1848,462,17,7,0.9090909090909091,0.9093199853801769,0.2501851148472734,0.2977285385131836,0.5830910205841064,ok,
shuttle,46400,11600,9,7,0.9955172413793103,0.9937567857358051,0.021031322375085888,0.47968482971191406,36.05939340591431,ok,
