dataset_id,n_train,n_test,n_features,n_classes,accuracy,f1_weighted,logloss,fit_seconds,predict_seconds,status,error
Credit_c,80000,20000,22,3,0.6479,0.6407692029325924,0.7597273707321774,11.889271020889282,120.35881924629211,ok,
KDDCup09_upselling,4102,1026,49,2,0.7582846003898636,0.758269903820211,0.5623746268928175,0.5024590492248535,30.51509118080139,ok,
autoUniv-au4-2500,2000,500,100,3,0.466,0.31223237872589127,0.9132616478593915,0.5501744747161865,25.576420783996582,ok,
gina_agnostic,2774,694,970,2,0.7636887608069164,0.7630682783420439,0.5181817220984367,1.9509851932525635,108.87507820129395,ok,
