dataset_id,n_train,n_test,n_features,n_classes,accuracy,f1_weighted,logloss,fit_seconds,predict_seconds,status,error
customer_satisfaction_in_airline,103904,25976,21,2,0.8934785956267324,0.8937166989435097,0.2682625493643749,12.072999238967896,181.21906399726868,ok,
pol,8065,2017,26,2,0.9072880515617253,0.9066519885913173,0.27266258078203226,0.3863544464111328,3.459791898727417,ok,
sports_articles_for_objectivity_analysis,800,200,59,2,0.825,0.8198600981866682,0.4334306605810201,0.2942683696746826,0.5750184059143066,ok,
sylvine,4099,1025,20,2,0.9258536585365854,0.9258367172552152,0.21830408877652474,0.2781496047973633,1.4287493228912354,ok,
thyroid-dis,2240,560,26,5,0.6714285714285714,0.6152642252817254,0.8025134596235891,0.2676558494567871,0.8947563171386719,ok,
turiye_student_evaluation,4656,1164,32,5,0.4029209621993127,0.32798114604539147,1.4137440742720158,0.3001282215118408,2.0835511684417725,ok,
waveform-5000,4000,1000,40,3,0.79,0.7825578529657475,0.5413117531166104,0.3081488609313965,2.0380678176879883,ok,
