dataset_id,n_train,n_test,n_features,n_classes,accuracy,f1_weighted,logloss,fit_seconds,predict_seconds,status,error
customer_satisfaction_in_airline,103904,25976,21,2,0.5473129042192794,0.38718919012193637,0.6772067932752024,11.879710912704468,178.15933108329773,ok,
pc3,1250,313,37,2,0.8977635782747604,0.8493992104215747,0.33914783303018053,0.346036434173584,0.647972822189331,ok,
qsar,844,211,40,2,0.6635071090047393,0.529293420288681,0.6284160283457125,0.3252565860748291,0.48494625091552734,ok,
rl,3976,994,12,2,0.5160965794768612,0.47598834297262965,0.6918456597800449,0.31145381927490234,1.0868022441864014,ok,
seismic+bumps,2067,517,18,2,0.9342359767891683,0.9024719535783365,0.2403085392440903,0.3113996982574463,0.6487131118774414,ok,
splice,2552,638,60,3,0.5188087774294671,0.35443902028721075,1.0100214440572448,0.40666961669921875,1.7827677726745605,ok,
telco-customer-churn,5634,1409,18,2,0.7345635202271115,0.6221548636948121,0.5739854805505817,0.34087562561035156,1.8988747596740723,ok,
twonorm,5920,1480,20,2,0.847972972972973,0.8472757346735135,0.6206694945370332,0.34670186042785645,2.083303928375244,ok,
waveform_database_generator,3999,1000,21,3,0.332,0.21285463872810756,1.0985019829237708,0.3251779079437256,1.435370922088623,ok,
