dataset_id,n_train,n_test,n_features,n_classes,accuracy,f1_weighted,logloss,fit_seconds,predict_seconds,status,error
customer_satisfaction_in_airline,103904,25976,21,2,0.8934785956267324,0.8937166989435097,0.2682625493643749,11.759636640548706,179.53024315834045,ok,
ozone-level-8hr,2027,507,72,2,0.9368836291913215,0.9063538164274496,0.18920775848682853,0.3801541328430176,1.5835440158843994,ok,
pendigits,8793,2199,16,10,0.9877216916780355,0.9876995445304716,0.05455452629487188,0.33516693115234375,2.9658925533294678,ok,
seismic+bumps,2067,517,18,2,0.9342359767891683,0.9024719535783365,0.2340078472048028,0.2640421390533447,0.661374568939209,ok,
spambase,3680,921,57,2,0.8707926167209555,0.8654248872348292,0.3359048450324737,0.3191375732421875,2.4068636894226074,ok,
texture,4400,1100,40,11,0.9754545454545455,0.9756186284896747,0.1143578829350395,0.308316707611084,6.917858600616455,ok,
