dataset_id,n_train,n_test,n_features,n_classes,accuracy,f1_weighted,logloss,fit_seconds,predict_seconds,status,error
Credit_c,80000,20000,22,3,0.65355,0.6406304815728688,0.7579365000973893,12.353005170822144,141.26457285881042,ok,
internet_firewall,52425,13107,7,4,0.801861600671397,0.7332293519420735,0.32683164587252694,0.59267258644104,53.67759466171265,ok,
thyroid-ann,3017,755,21,3,0.9417218543046357,0.9169398913025221,0.14038215934971549,0.3734288215637207,2.2550034523010254,ok,
turiye_student_evaluation,4656,1164,32,5,0.4853951890034364,0.38169590771427603,1.2732076948398097,0.3912527561187744,3.3048653602600098,ok,
water_quality,6396,1600,20,2,0.89125,0.8558681792289249,0.24744580154309903,0.3678297996520996,2.9848647117614746,ok,
waveform_database_generator_version_1,4000,1000,21,3,0.781,0.7772581602500078,0.5471409089214897,0.34628987312316895,23.063490629196167,ok,
