dataset_id,n_train,n_test,n_features,n_classes,accuracy,f1_weighted,logloss,fit_seconds,predict_seconds,status,error
dabetes_130-us_hospitals,81412,20354,20,2,0.5962955684386362,0.5762182254884645,0.667832949969143,12.249810695648193,182.59010648727417,ok,
led24,2560,640,24,10,0.740625,0.7373052832462796,0.8214855013515153,0.49796342849731445,6.127546310424805,ok,
madeline,2512,628,259,2,0.5254777070063694,0.4456730171304868,0.6925716136280405,0.6581132411956787,16.036850690841675,ok,
one-hundred-plants-margin,1280,320,64,100,0.78125,0.7670188492063492,1.8217739192118336,0.37893128395080566,6.111966133117676,ok,
page-blocks,4378,1095,10,5,0.9662100456621004,0.9650597239443187,0.11372577386014349,0.2988162040710449,1.4605519771575928,ok,
pendigits,8793,2199,16,10,0.9799909049567985,0.9799741523741858,0.08230274828647562,0.34139561653137207,3.4390251636505127,ok,
shuttle,46400,11600,9,7,0.9978448275862069,0.9971311412861052,0.006766309615528422,0.5894279479980469,37.730427742004395,ok,
