dataset_id,n_train,n_test,n_features,n_classes,accuracy,f1_weighted,logloss,fit_seconds,predict_seconds,status,error
customer_satisfaction_in_airline,103904,25976,21,2,0.8917847243609486,0.8919342337184587,0.2692324453166691,11.721198558807373,180.00057768821716,ok,
pc4,1166,292,37,2,0.8767123287671232,0.8406807804068078,0.23008502822881918,0.3266422748565674,0.5893194675445557,ok,
predict_students_dropout_and_academic_success,3539,885,34,3,0.7457627118644068,0.6782055095503333,0.6492976339320496,0.3337090015411377,1.642820119857788,ok,
segment,1848,462,17,7,0.922077922077922,0.9211772043704817,0.2188049616936745,0.284501314163208,0.5779941082000732,ok,
shuttle,46400,11600,9,7,0.9968965517241379,0.9958512595566634,0.014200604324165386,0.4731161594390869,36.307270765304565,ok,
