dataset_id,n_train,n_test,n_features,n_classes,accuracy,f1_weighted,logloss,fit_seconds,predict_seconds,status,error
customer_satisfaction_in_airline,103904,25976,21,2,0.9055281798583308,0.9056483097338499,0.23520478468365566,11.812384366989136,177.64072465896606,ok,
optdigits,4496,1124,64,10,0.949288256227758,0.9493457450946292,0.5405912064967244,0.38926148414611816,3.1667041778564453,ok,
qsar,844,211,40,2,0.8720379146919431,0.8702808923823835,0.3063141110697696,0.2776668071746826,0.4900932312011719,ok,
rl,3976,994,12,2,0.6680080482897385,0.6646135725065334,0.6166789378584147,0.25120973587036133,1.0751023292541504,ok,
seismic+bumps,2067,517,18,2,0.9342359767891683,0.9024719535783365,0.23946822224732284,0.25185346603393555,0.658308744430542,ok,
splice,2552,638,60,3,0.6786833855799373,0.6363022055295966,0.6641659301742852,0.345353364944458,1.781357765197754,ok,
telco-customer-churn,5634,1409,18,2,0.794889992902768,0.7810628641539762,0.42462846031397505,0.2984466552734375,1.89396333694458,ok,
turiye_student_evaluation,4656,1164,32,5,0.47680412371134023,0.36300824498023976,1.3367914180197735,0.29590940475463867,2.082486629486084,ok,
waveform-5000,4000,1000,40,3,0.84,0.8393221314040806,0.46395640911626923,0.30233240127563477,2.0368411540985107,ok,
