dataset_id,n_train,n_test,n_features,n_classes,accuracy,f1_weighted,logloss,fit_seconds,predict_seconds,status,error
Credit_c,80000,20000,22,3,0.55435,0.43826769163576773,0.8355899532231859,12.528314352035522,156.90575695037842,ok,
drug_consumption,1507,377,12,7,0.3978779840848806,0.24723769556595865,1.5140184854996497,0.4081075191497803,0.5742769241333008,ok,
electricity,36249,9063,8,2,0.7945492662473794,0.7899500949436962,0.46945239393511845,0.4852433204650879,26.18016290664673,ok,
kropt,22444,5612,6,18,0.3695652173913043,0.33634756963319834,1.914993794371944,0.4086768627166748,30.5181667804718,ok,
online_shoppers,9864,2466,14,2,0.8637469586374696,0.8209825948834537,0.3049425777003004,0.34740185737609863,3.2895712852478027,ok,
pc4,1166,292,37,2,0.8767123287671232,0.8253959450787136,0.28533569243388995,0.33397912979125977,0.6151409149169922,ok,
predict_students_dropout_and_academic_success,3539,885,34,3,0.6858757062146893,0.6172304141320936,0.7759215579220096,0.35816144943237305,1.6524200439453125,ok,
segment,1848,462,17,7,0.8896103896103896,0.8889258763341651,0.3298364542470826,0.323411226272583,0.5946974754333496,ok,
shuttle,46400,11600,9,7,0.995,0.9931342234954643,0.028442762918385423,0.5023717880249023,37.70991921424866,ok,
