dataset_id,n_train,n_test,n_features,n_classes,accuracy,f1_weighted,logloss,fit_seconds,predict_seconds,status,error
customer_satisfaction_in_airline,103904,25976,21,2,0.8722667077302125,0.8724052904087128,0.3208450957111219,12.22962474822998,184.06906986236572,ok,
rice_cammeo_and_osmancik,3048,762,7,2,0.9199475065616798,0.9196818545655578,0.22895001887882702,0.425947904586792,0.677727222442627,ok,
satimage,5144,1286,36,6,0.8141524105754276,0.8002415362470808,0.4863099032509651,0.4532341957092285,2.484788417816162,ok,
statlog,800,200,20,2,0.705,0.6251723104584955,0.5624499641068318,0.3299689292907715,0.31134748458862305,ok,
sylvine,4099,1025,20,2,0.7190243902439024,0.7188365193709314,0.593155676088718,0.32718634605407715,1.418393850326538,ok,
thyroid-dis,2240,560,26,5,0.6535714285714286,0.6217358897556833,0.8127766326370773,0.3155379295349121,0.8960096836090088,ok,
turiye_student_evaluation,4656,1164,32,5,0.46735395189003437,0.3653294089639137,1.3589053885676883,0.3472466468811035,2.083487033843994,ok,
waveform_database_generator,3999,1000,21,3,0.32,0.297200171157794,1.1000259050917343,0.3238339424133301,1.428830862045288,ok,
yeast,1187,297,8,10,0.5387205387205387,0.5295391579687685,1.228374970718237,0.29361438751220703,0.3134634494781494,ok,
