dataset_id,n_train,n_test,n_features,n_classes,accuracy,f1_weighted,logloss,fit_seconds,predict_seconds,status,error
dabetes_130-us_hospitals,81412,20354,20,2,0.575562542989093,0.5500542327211653,0.674085605210839,11.780759572982788,180.97487568855286,ok,
Mobile_Price_Classification,1600,400,20,4,0.545,0.527747051335761,1.111940880695119,1.1219277381896973,11.783254146575928,ok,
ada_agnostic,3649,913,48,2,0.8192771084337349,0.8046917368034232,0.38858648224331177,0.512556791305542,13.360255718231201,ok,
default_of_credit_card_clients,24000,6000,23,2,0.8066666666666666,0.7623285029771854,0.4548728813799352,0.6972103118896484,28.391972541809082,ok,
house_16H,10790,2698,16,2,0.8472942920681986,0.8472901802003789,0.38244603842419356,0.3819925785064697,12.812409400939941,ok,
kc1,1687,422,21,2,0.8601895734597157,0.8249220984178977,0.342322881619231,0.3118319511413574,1.3607409000396729,ok,
kdd_ipums_la_97-small,4150,1038,20,2,0.8477842003853564,0.8452821644874625,0.3209319441403512,0.35158205032348633,2.6775290966033936,ok,
kr-vs-k,22444,5612,6,18,0.5402708481824662,0.5249927311510327,1.3412687672418364,0.37336206436157227,80.23669862747192,ok,
