dataset_id,n_train,n_test,n_features,n_classes,accuracy,f1_weighted,logloss,fit_seconds,predict_seconds,status,error
SDSS17,80000,20000,12,3,0.9353,0.934501866663367,0.20976669321890967,11.876160144805908,115.3441469669342,ok,
FOREX_cadjpy-day-High,1467,367,10,2,0.6021798365122616,0.6017184928793141,0.6724768656149255,0.39636659622192383,7.59174108505249,ok,
Firm-Teacher_Clave-Direction_Classification,8640,2160,16,4,0.7782407407407408,0.6950964272051855,0.5677459478833293,0.42081546783447266,20.121293544769287,ok,
INNHotelsGroup,29020,7255,17,2,0.8614748449345279,0.8561709277625373,0.3593825619221218,0.5382258892059326,45.45056891441345,ok,
drug_consumption,1507,377,12,7,0.40318302387267907,0.23169686059980046,1.5153488635478904,0.31639575958251953,3.6124117374420166,ok,
electricity,36249,9063,8,2,0.8042590753613593,0.8006503568492443,0.43663996412622114,0.47467899322509766,54.72426748275757,ok,
led7,2560,640,7,10,0.7390625,0.7325460125269533,0.824140301179072,0.3028228282928467,1.345308780670166,ok,
letter,16000,4000,15,26,0.86625,0.867157488692378,0.5348887749685299,0.41321706771850586,61.27630829811096,ok,
