dataset_id,n_train,n_test,n_features,n_classes,accuracy,f1_weighted,logloss,fit_seconds,predict_seconds,status,error
customer_satisfaction_in_airline,103904,25976,21,2,0.9201185709886048,0.9201770551341789,0.21011358741434047,12.133331775665283,179.92459416389465,ok,
pendigits,8793,2199,16,10,0.9945429740791268,0.9945495284213846,0.026827871708552026,0.36472153663635254,2.9826855659484863,ok,
semeion,1274,319,256,10,0.9028213166144201,0.9027031916923026,0.6064032168332066,0.5156135559082031,3.1439833641052246,ok,
thyroid,5760,1440,21,3,0.9854166666666667,0.9847455296858807,0.04033205460771038,0.327683687210083,2.0611770153045654,ok,
water_quality,6396,1600,20,2,0.888125,0.8395821186513648,0.26028843841904875,0.31286144256591797,2.086669445037842,ok,
wine,2043,511,4,2,0.7377690802348337,0.7368925591798324,0.5345086971093536,0.286327600479126,0.20977473258972168,ok,
wine-quality-white,3918,980,11,7,0.5846938775510204,0.5553996036384257,0.9613143272491981,0.3014054298400879,1.0612998008728027,ok,
