dataset_id,n_train,n_test,n_features,n_classes,accuracy,f1_weighted,logloss,fit_seconds,predict_seconds,status,error
customer_satisfaction_in_airline,103904,25976,21,2,0.9230828457037266,0.9231191337843118,0.20410439540753494,12.09411907196045,182.22136092185974,ok,
rl,3976,994,12,2,0.6981891348088531,0.6934180494725802,0.5809344524405974,0.3169217109680176,1.092778205871582,ok,
seismic+bumps,2067,517,18,2,0.9342359767891683,0.9024719535783365,0.2280288820988556,0.29622507095336914,0.6473629474639893,ok,
splice,2552,638,60,3,0.8213166144200627,0.8087405820230384,0.5022589222265755,0.39640188217163086,1.7816264629364014,ok,
taiwanese_bankruptcy_prediction,5455,1364,95,2,0.967741935483871,0.9518773135906928,0.09513460333657918,0.4881119728088379,5.384495735168457,ok,
website_phishing,1082,271,9,3,0.9261992619926199,0.9256062050218642,0.2530067123056274,0.29174208641052246,0.29631924629211426,ok,
wine-quality-white,3918,980,11,7,0.5989795918367347,0.5763257585393009,0.9589351437381888,0.31535959243774414,1.0629568099975586,ok,
