dataset_id,n_train,n_test,n_features,n_classes,accuracy,f1_weighted,logloss,fit_seconds,predict_seconds,status,error
customer_satisfaction_in_airline,103904,25976,21,2,0.8934785956267324,0.8937166989435097,0.2682625493643749,12.058324337005615,179.70145392417908,ok,
pc3,1250,313,37,2,0.8977635782747604,0.8493992104215747,0.2742540405575765,0.3526437282562256,0.6459801197052002,ok,
pol,8065,2017,26,2,0.9072880515617253,0.9066519885913173,0.2726625808163965,0.3741779327392578,3.475456953048706,ok,
sports_articles_for_objectivity_analysis,800,200,59,2,0.825,0.8198600981866682,0.4334306605810201,0.3439488410949707,0.5652148723602295,ok,
sylvine,4099,1025,20,2,0.9258536585365854,0.9258367172552152,0.21830408877652474,0.3319852352142334,1.4259569644927979,ok,
thyroid-ann,3017,755,21,3,0.9721854304635762,0.9694880911081754,0.05897155616936975,0.32253098487854004,1.101893424987793,ok,
twonorm,5920,1480,20,2,0.9790540540540541,0.9790540636166706,0.09251742198626303,0.34243321418762207,2.0897998809814453,ok,
waveform_database_generator,3999,1000,21,3,0.342,0.2757652199624611,1.100042962969318,0.32283735275268555,1.4368653297424316,ok,
yeast,1187,297,8,10,0.5993265993265994,0.5827533558976062,1.0691539344551053,0.30317020416259766,0.30988264083862305,ok,
