dataset_id,n_train,n_test,n_features,n_classes,accuracy,f1_weighted,logloss,fit_seconds,predict_seconds,status,error
dabetes_130-us_hospitals,81412,20354,20,2,0.5724181978972193,0.5351600505542781,0.6758646404521328,11.83234691619873,157.53572797775269,ok,
analcatdata_authorship,672,169,69,4,0.9704142011834319,0.970367068148477,0.1563921502999287,0.43166518211364746,5.33692479133606,ok,
contraceptive_method_choice,1178,295,9,3,0.576271186440678,0.5579847998093262,0.9004974284500569,0.3039870262145996,1.0334498882293701,ok,
credit,13371,3343,10,2,0.76308704756207,0.762920898973611,0.5105127923173216,0.38579511642456055,15.211632251739502,ok,
estimation_of_obesity_levels,1688,423,16,7,0.8983451536643026,0.8959305754393944,0.3376241891195851,0.28837132453918457,4.965731859207153,ok,
gina_agnostic,2774,694,970,2,0.7463976945244957,0.7463639778192931,0.5556531631510115,1.9495501518249512,70.75397276878357,ok,
qsar,844,211,40,2,0.8530805687203792,0.8489369564298779,0.3258772303555566,0.3304290771484375,5.146819353103638,ok,
statlog,800,200,20,2,0.725,0.6756066411238826,0.5615110105219788,0.30278778076171875,2.836899757385254,ok,
thyroid-ann,3017,755,21,3,0.9456953642384106,0.9246925260170293,0.14627442613374592,0.4313011169433594,8.033793926239014,ok,
