dataset_id,n_train,n_test,n_features,n_classes,accuracy,f1_weighted,logloss,fit_seconds,predict_seconds,status,error
Credit_c,80000,20000,22,3,0.65775,0.6571015953816948,0.7438923183843668,11.977749824523926,222.60522985458374,ok,
mammography,8946,2237,6,2,0.9843540455967814,0.9813807333313483,0.04310794646478298,0.4569554328918457,4.332663536071777,ok,
maternal_health_risk,811,203,6,3,0.8029556650246306,0.7900593969368974,0.5153780599195015,0.3053443431854248,0.6027300357818604,ok,
mfeat-factors,1600,400,216,10,0.955,0.9548602477571241,0.2764632852187946,0.491757869720459,19.420249462127686,ok,
online_shoppers,9864,2466,14,2,0.8572587185725872,0.8065537056865925,0.32046126865983593,0.3933076858520508,22.230232000350952,ok,
waveform_database_generator,3999,1000,21,3,0.343,0.3005142487134956,1.0980405038135064,0.3399012088775635,11.520081996917725,ok,
