dataset_id,n_train,n_test,n_features,n_classes,accuracy,f1_weighted,logloss,fit_seconds,predict_seconds,status,error
customer_satisfaction_in_airline,103904,25976,21,2,0.9242762550046196,0.9243242812389402,0.19700663216737077,12.149990797042847,181.5687780380249,ok,
phoneme,4323,1081,5,2,0.8751156336725254,0.8748229330046536,0.2787665185127348,0.29972004890441895,0.6437263488769531,ok,
ringnorm,5920,1480,20,2,0.9716216216216216,0.9716097981399797,0.08552206615175449,0.32853198051452637,2.097107410430908,ok,
splice,2552,638,60,3,0.8244514106583072,0.8120979274287412,0.4695880375714816,0.39028024673461914,1.7812817096710205,ok,
taiwanese_bankruptcy_prediction,5455,1364,95,2,0.967741935483871,0.9518773135906928,0.09567256201822871,0.501920223236084,5.370975494384766,ok,
wine,2043,511,4,2,0.7377690802348337,0.7366375922180645,0.5295965415358177,0.2964198589324951,0.2111365795135498,ok,
wine-quality-white,3918,980,11,7,0.5989795918367347,0.5745823064471839,0.9425475720370108,0.3012540340423584,1.0738310813903809,ok,
