dataset_id,n_train,n_test,n_features,n_classes,accuracy,f1_weighted,logloss,fit_seconds,predict_seconds,status,error
customer_satisfaction_in_airline,103904,25976,21,2,0.8267246689251617,0.8265232267216531,0.4401287926613493,12.574489831924438,180.48961091041565,ok,
online_shoppers,9864,2466,14,2,0.8580697485806975,0.8070872573386407,0.33040182244196725,0.4638376235961914,3.3161325454711914,ok,
pc1,887,222,21,2,0.9414414414414415,0.9199428109746336,0.1938840128551384,0.38562631607055664,0.3682527542114258,ok,
phoneme,4323,1081,5,2,0.7548566142460684,0.7070811166274219,0.45229536412909815,0.3765711784362793,0.640885591506958,ok,
rice_cammeo_and_osmancik,3048,762,7,2,0.9068241469816273,0.906842003572121,0.24553656693774226,0.38242292404174805,0.6771647930145264,ok,
rl,3976,994,12,2,0.641851106639839,0.6407909696280656,0.6417202949761651,0.3859524726867676,1.0838258266448975,ok,
shuttle,46400,11600,9,7,0.9841379310344828,0.9820518747453437,0.07335596866893776,0.5720419883728027,36.48071765899658,ok,
