dataset_id,n_train,n_test,n_features,n_classes,accuracy,f1_weighted,logloss,fit_seconds,predict_seconds,status,error
Credit_c,80000,20000,22,3,0.5415,0.41790870852019196,0.8771355902795247,12.55024528503418,135.8180947303772,ok,
house_16H,10790,2698,16,2,0.7690882134914752,0.7690866590971068,0.5588070370381065,0.4825868606567383,4.775679111480713,ok,
internet_firewall,52425,13107,7,4,0.7811093308918898,0.7445285062765666,0.42036706226076054,0.411257266998291,46.07919239997864,ok,
satimage,5144,1286,36,6,0.7433903576982893,0.7184786388119397,0.6850051277402469,0.38344764709472656,2.8733630180358887,ok,
steel_plates_faults,1552,389,27,7,0.5398457583547558,0.44646414352386593,1.1564905370267828,0.30985188484191895,0.8610279560089111,ok,
texture,4400,1100,40,11,0.76,0.7550081481497252,0.945341385233131,0.40393900871276855,10.317533731460571,ok,
