dataset_id,n_train,n_test,n_features,n_classes,accuracy,f1_weighted,logloss,fit_seconds,predict_seconds,status,error
customer_satisfaction_in_airline,103904,25976,21,2,0.8934785956267324,0.8937166989435097,0.2682625493643749,11.652587890625,181.90517663955688,ok,
rice_cammeo_and_osmancik,3048,762,7,2,0.916010498687664,0.916010498687664,0.19905563612941732,0.28308963775634766,0.6795654296875,ok,
satimage,5144,1286,36,6,0.890357698289269,0.8834835824401805,0.2845660386893642,0.3510274887084961,2.4916653633117676,ok,
statlog,800,200,20,2,0.74,0.7150883048254764,0.5171160866035378,0.283388614654541,0.3117084503173828,ok,
sylvine,4099,1025,20,2,0.9258536585365854,0.9258367172552152,0.21830408877652474,0.31328678131103516,1.4334473609924316,ok,
thyroid-dis,2240,560,26,5,0.6714285714285714,0.6152642252817254,0.8025134596235891,0.30858755111694336,0.8916161060333252,ok,
turiye_student_evaluation,4656,1164,32,5,0.4029209621993127,0.32798114604539147,1.4137440742720158,0.33492302894592285,2.0863850116729736,ok,
waveform-5000,4000,1000,40,3,0.79,0.7825578529657475,0.5413117531166104,0.3353428840637207,2.040980577468872,ok,
