dataset_id,n_train,n_test,n_features,n_classes,accuracy,f1_weighted,logloss,fit_seconds,predict_seconds,status,error
customer_satisfaction_in_airline,103904,25976,21,2,0.8934785956267324,0.8937166989435097,0.2682625493643749,11.769248247146606,179.4339461326599,ok,
pc3,1250,313,37,2,0.8977635782747604,0.8493992104215747,0.2742540405575765,0.32204484939575195,0.6437451839447021,ok,
phoneme,4323,1081,5,2,0.8427382053654024,0.8427382053654024,0.3464593279802833,0.2720355987548828,0.6379330158233643,ok,
ringnorm,5920,1480,20,2,0.972972972972973,0.9729645781214268,0.10370844095078015,0.32337164878845215,2.0864620208740234,ok,
spambase,3680,921,57,2,0.8707926167209555,0.8654248872348292,0.3359048450324737,0.34797239303588867,2.4066989421844482,ok,
texture,4400,1100,40,11,0.9754545454545455,0.9756186284896747,0.11435788174960873,0.3504633903503418,6.307299852371216,ok,
