dataset_id,n_train,n_test,n_features,n_classes,accuracy,f1_weighted,logloss,fit_seconds,predict_seconds,status,error
dabetes_130-us_hospitals,81412,20354,20,2,0.5703055910386164,0.5384691980394797,0.6761399044913063,11.474937438964844,156.56901621818542,ok,
jm1,8708,2177,21,2,0.808451998162609,0.7350141265566565,0.4486445956219023,0.46350812911987305,5.61138653755188,ok,
kc1,1687,422,21,2,0.8554502369668247,0.80435970454995,0.33732320478074307,0.34308600425720215,1.4063587188720703,ok,
kdd_ipums_la_97-small,4150,1038,20,2,0.8497109826589595,0.847810313650154,0.32313711582233906,0.33178067207336426,30.217908143997192,ok,
led24,2560,640,24,10,0.709375,0.7055247381002407,0.9533662442596039,0.32630038261413574,2.4142913818359375,ok,
led7,2560,640,7,10,0.7296875,0.7257305247895138,0.8209441117262148,0.3897843360900879,24.527045488357544,ok,
mfeat-morphological,1600,400,6,10,0.73,0.7226068346899972,0.5551404983037752,0.29679107666015625,0.8979566097259521,ok,
mice_protein_expression,864,216,75,8,0.9675925925925926,0.9674920618764049,0.37508203505324383,0.3316810131072998,2.944159746170044,ok,
naticusdroid+android+permissions+dataset,23465,5867,86,2,0.9619907959775013,0.9619869329182785,0.11107694282208798,0.9572772979736328,83.05061340332031,ok,
