dataset_id,n_train,n_test,n_features,n_classes,accuracy,f1_weighted,logloss,fit_seconds,predict_seconds,status,error
dabetes_130-us_hospitals,81412,20354,20,2,0.5887786184533753,0.5457237849972205,0.6690713505286044,12.091768741607666,151.96286916732788,ok,
first-order-theorem-proving,4894,1224,51,6,0.5988562091503268,0.5669377852720803,1.1446447201404848,0.5420713424682617,28.758719205856323,ok,
jungle_chess_2pcs_raw_endgame_complete,35855,8964,6,3,0.7987505577867023,0.7897390485842947,0.4888631260078227,0.40787339210510254,71.65421795845032,ok,
turiye_student_evaluation,4656,1164,32,5,0.46134020618556704,0.36741473924303164,1.2980137583945566,0.3724024295806885,25.329296827316284,ok,
