dataset_id,n_train,n_test,n_features,n_classes,accuracy,f1_weighted,logloss,fit_seconds,predict_seconds,status,error
customer_satisfaction_in_airline,103904,25976,21,2,0.894402525408069,0.8944923008481922,0.27417137926328694,12.907482862472534,197.280930519104,ok,
mammography,8946,2237,6,2,0.9852481001341081,0.9829558952471829,0.041650912735326,0.5556957721710205,11.926135301589966,ok,
mozilla4,12436,3109,4,2,0.8899967835316822,0.8902649321014958,0.27846677436161743,0.4170258045196533,12.841102123260498,ok,
national-longitudinal-survey-binary,3926,982,16,2,0.8737270875763747,0.8721307242098281,0.3240674868331937,0.4580559730529785,11.24810266494751,ok,
online_shoppers,9864,2466,14,2,0.8759124087591241,0.8454126549551154,0.2882694035472029,0.5394980907440186,6.810800790786743,ok,
phoneme,4323,1081,5,2,0.8649398704902868,0.8625830914057778,0.3205068064606329,0.39173173904418945,0.8823716640472412,ok,
rice_cammeo_and_osmancik,3048,762,7,2,0.905511811023622,0.9051259945783635,0.23068591867097488,0.3273200988769531,4.029623508453369,ok,
sports_articles_for_objectivity_analysis,800,200,59,2,0.825,0.8241857364425458,0.44686859073783436,0.3605823516845703,2.340134859085083,ok,
texture,4400,1100,40,11,0.9536363636363636,0.9537570779743175,0.16884385803194077,0.40316009521484375,19.748778581619263,ok,
