dataset_id,n_train,n_test,n_features,n_classes,accuracy,f1_weighted,logloss,fit_seconds,predict_seconds,status,error
volkert,46648,11662,180,10,0.5248670896930201,0.443024865333565,1.3778170055398797,14.490883111953735,263.7932198047638,ok,
mice_protein_expression,864,216,75,8,0.9722222222222222,0.97217921102952,0.4082836053795465,0.4763057231903076,3.026886463165283,ok,
mozilla4,12436,3109,4,2,0.9067224187841749,0.9066756219612652,0.26343435210674154,0.4346599578857422,3.8707406520843506,ok,
national-longitudinal-survey-binary,3926,982,16,2,0.9419551934826884,0.9415250992278272,0.17810828182023736,0.3424718379974365,8.484330892562866,ok,
one-hundred-plants-margin,1280,320,64,100,0.8,0.7842782738095239,1.7716907878607078,0.380021333694458,61.627763509750366,ok,
