dataset_id,n_train,n_test,n_features,n_classes,accuracy,f1_weighted,logloss,fit_seconds,predict_seconds,status,error
customer_satisfaction_in_airline,103904,25976,21,2,0.8482830304896828,0.848165482439483,0.3752175762163657,12.386994123458862,178.8691725730896,ok,
ozone-level-8hr,2027,507,72,2,0.9368836291913215,0.9063538164274496,0.1890538499288091,0.5087766647338867,1.5819628238677979,ok,
pendigits,8793,2199,16,10,0.8649386084583902,0.8624956335589343,0.46022480612863076,0.42325758934020996,2.9674649238586426,ok,
semeion,1274,319,256,10,0.8808777429467085,0.8810254209343535,0.9707833421004995,0.6098227500915527,3.142460823059082,ok,
thyroid,5760,1440,21,3,0.9409722222222222,0.9159243972632598,0.15695282120221582,0.41785621643066406,2.053389310836792,ok,
wall-robot-navigation,4364,1092,24,4,0.88003663003663,0.8793866033108413,0.454017757466724,0.41906189918518066,1.645434856414795,ok,
waveform_database_generator_version_1,4000,1000,21,3,0.766,0.7576751546915944,0.7286201519292843,0.40994739532470703,1.4139487743377686,ok,
