dataset_id,n_train,n_test,n_features,n_classes,accuracy,f1_weighted,logloss,fit_seconds,predict_seconds,status,error
customer_satisfaction_in_airline,103904,25976,21,2,0.8678395441946412,0.8680014727741611,0.3440941739956926,12.039260387420654,180.16941714286804,ok,
page-blocks,4378,1095,10,5,0.9643835616438357,0.9630267774836437,0.12948128889561453,0.4555647373199463,1.1588997840881348,ok,
pc4,1166,292,37,2,0.8732876712328768,0.8174100323057274,0.2611857769854521,0.41222286224365234,0.5979263782501221,ok,
predict_students_dropout_and_academic_success,3539,885,34,3,0.727683615819209,0.6554546278298,0.6842697518651295,0.4282190799713135,1.6488656997680664,ok,
segment,1848,462,17,7,0.9069264069264069,0.907166472121868,0.2328411255569012,0.3981809616088867,0.5929231643676758,ok,
shuttle,46400,11600,9,7,0.9964655172413793,0.9951297917473081,0.01024297881213814,0.5793476104736328,36.1517379283905,ok,
