dataset_id,n_train,n_test,n_features,n_classes,accuracy,f1_weighted,logloss,fit_seconds,predict_seconds,status,error
customer_satisfaction_in_airline,103904,25976,21,2,0.8660301817061903,0.8662618633954464,0.3350139206007914,12.421045780181885,178.98843622207642,ok,
ozone-level-8hr,2027,507,72,2,0.9368836291913215,0.9063538164274496,0.20008609909265615,0.4912753105163574,1.5813608169555664,ok,
phoneme,4323,1081,5,2,0.8316373728029602,0.8187257596631183,0.38057383506576287,0.37704896926879883,0.6404933929443359,ok,
ringnorm,5920,1480,20,2,0.9547297297297297,0.9547240445226539,0.10963279326884896,0.41585755348205566,2.082261800765991,ok,
splice,2552,638,60,3,0.6614420062695925,0.6108905212858995,0.7835270607652964,0.47987794876098633,1.7739803791046143,ok,
telco-customer-churn,5634,1409,18,2,0.7849538679914834,0.7632222702539571,0.44653526581371206,0.42934679985046387,1.8965532779693604,ok,
thyroid-dis,2240,560,26,5,0.6214285714285714,0.5189010442958102,0.8945940806302333,0.3954193592071533,0.8903629779815674,ok,
wall-robot-navigation,4364,1092,24,4,0.9093406593406593,0.9079757323617176,0.3369289563337864,0.4123661518096924,1.6447064876556396,ok,
waveform_database_generator_version_1,4000,1000,21,3,0.769,0.7585594727207993,0.7363477620527882,0.4041759967803955,1.4139375686645508,ok,
