dataset_id,n_train,n_test,n_features,n_classes,accuracy,f1_weighted,logloss,fit_seconds,predict_seconds,status,error
customer_satisfaction_in_airline,103904,25976,21,2,0.6934862950415769,0.6808400452408175,0.5842368564784743,12.336514949798584,180.94304966926575,ok,
pc4,1166,292,37,2,0.8767123287671232,0.8191180881911808,0.31219208150823285,0.42691731452941895,0.5954723358154297,ok,
rice_cammeo_and_osmancik,3048,762,7,2,0.8766404199475065,0.8752279158060009,0.3542431929733288,0.3587319850921631,0.6769974231719971,ok,
satimage,5144,1286,36,6,0.73950233281493,0.6988024296680114,1.0385656111426265,0.4286670684814453,2.4836537837982178,ok,
statlog,800,200,20,2,0.695,0.5909988518943743,0.6191363853639619,0.3743908405303955,0.31301045417785645,ok,
sylvine,4099,1025,20,2,0.6273170731707317,0.6222679700098533,0.66098294548917,0.39288926124572754,1.4197793006896973,ok,
thyroid-ann,3017,755,21,3,0.9245033112582781,0.8882358035213739,0.292874582774077,0.3817751407623291,1.09830641746521,ok,
twonorm,5920,1480,20,2,0.8756756756756757,0.8748668303530384,0.32070113187925803,0.3975799083709717,2.0870916843414307,ok,
waveform_database_generator,3999,1000,21,3,0.366,0.32993813604716876,1.0976499522524328,0.3907907009124756,1.4326701164245605,ok,
