dataset_id,n_train,n_test,n_features,n_classes,accuracy,f1_weighted,logloss,fit_seconds,predict_seconds,status,error
customer_satisfaction_in_airline,103904,25976,21,2,0.848629504157684,0.8486283904418883,0.38322795628950956,12.665137767791748,221.82357740402222,ok,
internet_firewall,52425,13107,7,4,0.7714198519874876,0.7020111220616614,0.3354778270152646,0.5650010108947754,61.457151889801025,ok,
optdigits,4496,1124,64,10,0.9252669039145908,0.9252381123657721,1.3053941751682283,0.48810601234436035,3.155723810195923,ok,
pc3,1250,313,37,2,0.9105431309904153,0.8778770539641282,0.26754149212304296,0.33066534996032715,0.6452815532684326,ok,
pol,8065,2017,26,2,0.9281110560237977,0.9281108439762464,0.24024328639654458,0.35201048851013184,3.4604508876800537,ok,
splice,2552,638,60,3,0.7068965517241379,0.6761972832810997,0.7021664297295104,0.38740968704223633,1.770162582397461,ok,
taiwanese_bankruptcy_prediction,5455,1364,95,2,0.967741935483871,0.9518773135906928,0.1217373484014115,0.49465084075927734,5.362422227859497,ok,
waveform_database_generator_version_1,4000,1000,21,3,0.734,0.7162626947971258,0.8600825979384721,0.32754015922546387,1.407684326171875,ok,
