dataset_id,n_train,n_test,n_features,n_classes,accuracy,f1_weighted,logloss,fit_seconds,predict_seconds,status,error
volkert,46648,11662,180,10,0.4780483622020237,0.38332791376699227,1.506916033459685,14.049032926559448,187.9970874786377,ok,
madeline,2512,628,259,2,0.535031847133758,0.5000449491990554,0.6919160268605256,0.7239646911621094,6.243093967437744,ok,
mfeat-pixel,1600,400,240,10,0.95,0.9495783869021185,0.27011050192732894,0.5999460220336914,3.638012170791626,ok,
mozilla4,12436,3109,4,2,0.8993245416532647,0.8995579619650887,0.265234069478549,0.3742492198944092,1.7334132194519043,ok,
naticusdroid+android+permissions+dataset,23465,5867,86,2,0.962672575421851,0.9626692805986026,0.11446270253359897,0.9348149299621582,25.751116514205933,ok,
