dataset_id,n_train,n_test,n_features,n_classes,accuracy,f1_weighted,logloss,fit_seconds,predict_seconds,status,error
dabetes_130-us_hospitals,81412,20354,20,2,0.5910877468802201,0.5666235545445508,0.6693806109032311,11.610132694244385,198.6882722377777,ok,
house_16H,10790,2698,16,2,0.8472942920681986,0.8472942081547423,0.37012299710016955,0.5910379886627197,31.9335298538208,ok,
madeline,2512,628,259,2,0.5589171974522293,0.5582213789807704,0.6924316302803948,0.6564126014709473,31.68397307395935,ok,
optdigits,4496,1124,64,10,0.9697508896797153,0.9697852211131696,0.2092207293611924,0.48694300651550293,3.7250828742980957,ok,
predict_students_dropout_and_academic_success,3539,885,34,3,0.7209039548022599,0.6509165171386805,0.6872417237421258,0.3862760066986084,4.4844605922698975,ok,
spambase,3680,921,57,2,0.9163952225841476,0.9151278555473166,0.23642159429928933,0.3965880870819092,7.047964334487915,ok,
thyroid-ann,3017,755,21,3,0.9496688741721855,0.9323326319383031,0.12071809258821523,0.32575345039367676,4.356049537658691,ok,
waveform-5000,4000,1000,40,3,0.788,0.7878267299931246,0.7167788218171725,0.38700270652770996,9.384957551956177,ok,
