dataset_id,n_train,n_test,n_features,n_classes,accuracy,f1_weighted,logloss,fit_seconds,predict_seconds,status,error
Basketball_c,1072,268,11,2,0.7126865671641791,0.7112085072156479,0.5784806911476006,10.82868504524231,2.131850481033325,ok,
CDC_Diabetes_Health_Indicators,202944,50736,21,2,0.8673328602964364,0.8292286413408728,0.312067936390836,2.173388719558716,823.2848119735718,ok,
