dataset_id,n_train,n_test,n_features,n_classes,accuracy,f1_weighted,logloss,fit_seconds,predict_seconds,status,error
customer_satisfaction_in_airline,103904,25976,21,2,0.8934785956267324,0.8937166989435097,0.2682625493643749,11.631481647491455,179.84974336624146,ok,
online_shoppers,9864,2466,14,2,0.8771289537712895,0.8467469063019507,0.2775730114273931,0.3346445560455322,3.275657892227173,ok,
predict_students_dropout_and_academic_success,3539,885,34,3,0.7333333333333333,0.6596524419613691,0.758085534318912,0.308380126953125,1.642230749130249,ok,
segment,1848,462,17,7,0.9242424242424242,0.9238242640957354,0.21891841663857942,0.27680158615112305,0.5878844261169434,ok,
spambase,3680,921,57,2,0.8707926167209555,0.8654248872348292,0.3359048450324737,0.3505287170410156,2.3940744400024414,ok,
texture,4400,1100,40,11,0.9754545454545455,0.9756186284896747,0.1143578829350395,0.3421165943145752,6.317866802215576,ok,
