dataset_id,n_train,n_test,n_features,n_classes,accuracy,f1_weighted,logloss,fit_seconds,predict_seconds,status,error
volkert,46648,11662,180,10,0.49365460469902245,0.40178882472275274,1.4608107938658839,15.508321523666382,320.15818667411804,ok,
pc3,1250,313,37,2,0.8977635782747604,0.8493992104215747,0.26539714399760156,0.4696342945098877,0.7759411334991455,ok,
predict_students_dropout_and_academic_success,3539,885,34,3,0.7310734463276836,0.661145920118755,0.6742498059215384,0.4379599094390869,1.9752781391143799,ok,
segment,1848,462,17,7,0.9264069264069265,0.9265108402443726,0.22566236025354916,0.35158371925354004,0.7532880306243896,ok,
spambase,3680,921,57,2,0.9044516829533116,0.9028176492345874,0.2390892868222492,0.38124895095825195,2.7351555824279785,ok,
telco-customer-churn,5634,1409,18,2,0.7927608232789212,0.7798320442436152,0.4286786230540698,0.3765878677368164,2.4624485969543457,ok,
turiye_student_evaluation,4656,1164,32,5,0.4896907216494845,0.4008997502869099,1.2612241919786489,0.3571658134460449,2.4486162662506104,ok,
waveform-5000,4000,1000,40,3,0.806,0.8054791724565531,0.6401744021827169,0.3607645034790039,2.3555679321289062,ok,
