dataset_id,n_train,n_test,n_features,n_classes,accuracy,f1_weighted,logloss,fit_seconds,predict_seconds,status,error
customer_satisfaction_in_airline,103904,25976,21,2,0.9206190329534956,0.9206316375452315,0.20163384715631189,11.949753284454346,179.89201188087463,ok,
pc1,887,222,21,2,0.9324324324324325,0.8998298998298998,0.16392127047144772,0.31667232513427734,0.3629944324493408,ok,
pendigits,8793,2199,16,10,0.9945429740791268,0.9945495284213846,0.026378073872681044,0.3405168056488037,2.9745609760284424,ok,
semeion,1274,319,256,10,0.9122257053291536,0.9125599971520001,0.5489769415822674,0.5175111293792725,3.1556551456451416,ok,
thyroid,5760,1440,21,3,0.9854166666666667,0.9847455296858807,0.041790811367506946,0.3275105953216553,2.0553767681121826,ok,
wall-robot-navigation,4364,1092,24,4,0.9597069597069597,0.9597264482211574,0.12376894037428171,0.3255455493927002,1.64552640914917,ok,
waveform_database_generator_version_1,4000,1000,21,3,0.859,0.8576629717321446,0.3207848623518583,0.31667447090148926,1.4195375442504883,ok,
