dataset_id,n_train,n_test,n_features,n_classes,accuracy,f1_weighted,logloss,fit_seconds,predict_seconds,status,error
customer_satisfaction_in_airline,103904,25976,21,2,0.8990991684631968,0.8992110190761959,0.27002039190140503,12.903396606445312,188.75024604797363,ok,
madeline,2512,628,259,2,0.5,0.43825010562857564,0.6927580058810827,0.7632832527160645,13.662961483001709,ok,
mfeat-zernike,1600,400,47,10,0.6775,0.6634412020357595,0.8925088704806637,0.4688608646392822,2.6994385719299316,ok,
microaggregation2,16000,4000,20,5,0.5655,0.4178863565337972,1.066128117581921,0.5067863464355469,14.227708578109741,ok,
one-hundred-plants-texture,1279,320,64,100,0.759375,0.7374449855699854,2.0310788456020044,0.4439535140991211,11.385583400726318,ok,
segment,1848,462,17,7,0.9069264069264069,0.9071068493073094,0.25169038697211726,0.3831062316894531,0.7872085571289062,ok,
shuttle,46400,11600,9,7,0.9972413793103448,0.9965658280025115,0.010190561434873912,0.6208899021148682,60.75394415855408,ok,
