dataset_id,n_train,n_test,n_features,n_classes,accuracy,f1_weighted,logloss,fit_seconds,predict_seconds,status,error
customer_satisfaction_in_airline,103904,25976,21,2,0.8934785956267324,0.8937166989435097,0.2682625493643749,12.178709983825684,178.95149445533752,ok,
ozone-level-8hr,2027,507,72,2,0.9368836291913215,0.9063538164274496,0.18920775848682853,0.386096715927124,1.591252088546753,ok,
phoneme,4323,1081,5,2,0.8427382053654024,0.8427382053654024,0.3464593279802833,0.2877767086029053,0.6372311115264893,ok,
rice_cammeo_and_osmancik,3048,762,7,2,0.916010498687664,0.916010498687664,0.19905563612941732,0.29247546195983887,0.6730010509490967,ok,
satimage,5144,1286,36,6,0.890357698289269,0.8834835824401805,0.2845660386893642,0.35985255241394043,2.4929656982421875,ok,
steel_plates_faults,1552,389,27,7,0.7480719794344473,0.7411973138504475,0.6304959107068853,0.2886619567871094,0.6375396251678467,ok,
taiwanese_bankruptcy_prediction,5455,1364,95,2,0.967741935483871,0.9518773135906928,0.10221240498250056,0.5106716156005859,5.354037284851074,ok,
website_phishing,1082,271,9,3,0.8856088560885609,0.870512598719507,0.2966810375762015,0.2932603359222412,0.29411935806274414,ok,
wine-quality-red,1279,320,4,6,0.578125,0.5552132381662583,0.965048511778134,0.2892301082611084,0.30242395401000977,ok,
