dataset_id,n_train,n_test,n_features,n_classes,accuracy,f1_weighted,logloss,fit_seconds,predict_seconds,status,error
customer_satisfaction_in_airline,103904,25976,21,2,0.9221974129966123,0.9222358898613378,0.21730238523558557,12.431391477584839,187.70970678329468,ok,
mice_protein_expression,864,216,75,8,0.9259259259259259,0.9254029893022546,0.7905308230409046,0.47625064849853516,0.7330923080444336,ok,
mobile_c36_oversampling,41408,10352,6,2,0.9460973724884081,0.9463249348774836,0.1666303636684788,0.46746230125427246,21.168296337127686,ok,
thyroid-ann,3017,755,21,3,0.9470198675496688,0.924421408557849,0.1228998097195066,0.3332657814025879,1.1067869663238525,ok,
turiye_student_evaluation,4656,1164,32,5,0.4957044673539519,0.40128891402567224,1.257947466503254,0.3659813404083252,2.0785462856292725,ok,
water_quality,6396,1600,20,2,0.90125,0.8789716109496662,0.23419589312261122,0.3123631477355957,2.0726420879364014,ok,
