dataset_id,n_train,n_test,n_features,n_classes,accuracy,f1_weighted,logloss,fit_seconds,predict_seconds,status,error
customer_satisfaction_in_airline,103904,25976,21,2,0.9036418232214352,0.903743556578185,0.2579612735180357,12.87144684791565,184.76217103004456,ok,
one-hundred-plants-texture,1279,320,64,100,0.775,0.7612215909090909,2.0099891705768727,1.3690016269683838,4.334827661514282,ok,
page-blocks,4378,1095,10,5,0.9689497716894977,0.9679644188244302,0.12106084287716774,0.3999192714691162,1.1570661067962646,ok,
pendigits,8793,2199,16,10,0.9631650750341064,0.9631098792543433,0.13813553087567979,0.37511706352233887,2.9744105339050293,ok,
segment,1848,462,17,7,0.9155844155844156,0.9150059117029805,0.2311578591916528,0.3113112449645996,0.5903048515319824,ok,
shuttle,46400,11600,9,7,0.9975862068965518,0.9968230140581874,0.007959460574915849,0.4839346408843994,55.25879263877869,ok,
