dataset_id,n_train,n_test,n_features,n_classes,accuracy,f1_weighted,logloss,fit_seconds,predict_seconds,status,error
customer_satisfaction_in_airline,103904,25976,21,2,0.8934785956267324,0.8937166989435097,0.2682625493643749,11.81832218170166,182.65971302986145,ok,
rl,3976,994,12,2,0.596579476861167,0.5434805266202046,0.6526300633228372,0.3105907440185547,1.0833485126495361,ok,
seismic+bumps,2067,517,18,2,0.9342359767891683,0.9024719535783365,0.2340078472048028,0.29073166847229004,0.6457090377807617,ok,
spambase,3680,921,57,2,0.8707926167209555,0.8654248872348292,0.3359048450324737,0.35686206817626953,2.3948068618774414,ok,
thyroid,5760,1440,21,3,0.9777777777777777,0.9761925905896907,0.058594494664537686,0.31661319732666016,2.0547842979431152,ok,
water_quality,6396,1600,20,2,0.89,0.8417244497188551,0.2735850728785338,0.2969069480895996,2.076766014099121,ok,
website_phishing,1082,271,9,3,0.8856088560885609,0.870512598719507,0.2966810375762015,0.2787168025970459,0.2908971309661865,ok,
wine-quality-red,1279,320,4,6,0.578125,0.5552132381662583,0.965048511778134,0.2735593318939209,0.2962033748626709,ok,
