dataset_id,n_train,n_test,n_features,n_classes,accuracy,f1_weighted,logloss,fit_seconds,predict_seconds,status,error
customer_satisfaction_in_airline,103904,25976,21,2,0.90094702802587,0.90092578452233,0.26650868729049054,12.375691652297974,180.03712487220764,ok,
pc3,1250,313,37,2,0.8977635782747604,0.8493992104215747,0.2737304817030363,0.464496374130249,0.6469478607177734,ok,
predict_students_dropout_and_academic_success,3539,885,34,3,0.7175141242937854,0.6541968897190628,0.6882088200664328,0.41970252990722656,1.6489551067352295,ok,
segment,1848,462,17,7,0.9177489177489178,0.9167238518285342,0.21663098292383437,0.3734257221221924,0.5869381427764893,ok,
shuttle,46400,11600,9,7,0.9973275862068965,0.9964720916816083,0.008111177774164808,0.5065360069274902,36.34150171279907,ok,
