dataset_id,n_train,n_test,n_features,n_classes,accuracy,f1_weighted,logloss,fit_seconds,predict_seconds,status,error
customer_satisfaction_in_airline,103904,25976,21,2,0.9078380043116723,0.90794886659173,0.22121760309731225,11.709042072296143,178.49663281440735,ok,
page-blocks,4378,1095,10,5,0.9698630136986301,0.9686859601526527,0.10332881674855013,0.3087143898010254,1.1503689289093018,ok,
pc4,1166,292,37,2,0.8904109589041096,0.8654671846248212,0.2153371240581179,0.31288766860961914,0.5919034481048584,ok,
predict_students_dropout_and_academic_success,3539,885,34,3,0.7423728813559322,0.6751116152448108,0.620388870174391,0.319427490234375,1.6391642093658447,ok,
segment,1848,462,17,7,0.9307359307359307,0.930328617949872,0.19839921381060938,0.2705705165863037,0.5941469669342041,ok,
shuttle,46400,11600,9,7,0.9968103448275862,0.9957762049907541,0.012251385791691903,0.4351389408111572,35.823498010635376,ok,
