dataset_id,n_train,n_test,n_features,n_classes,accuracy,f1_weighted,logloss,fit_seconds,predict_seconds,status,error
customer_satisfaction_in_airline,103904,25976,21,2,0.8934785956267324,0.8937166989435097,0.2682625493643749,11.80117392539978,179.39441514015198,ok,
pc1,887,222,21,2,0.9324324324324325,0.8998298998298998,0.1904568492695894,0.3131370544433594,0.361497163772583,ok,
pc3,1250,313,37,2,0.8977635782747604,0.8493992104215747,0.2742540405575765,0.2959907054901123,0.6419613361358643,ok,
pol,8065,2017,26,2,0.9072880515617253,0.9066519885913173,0.27266258078203226,0.32767653465270996,3.4706506729125977,ok,
sports_articles_for_objectivity_analysis,800,200,59,2,0.825,0.8198600981866682,0.4334306605810201,0.28252625465393066,0.5668630599975586,ok,
steel_plates_faults,1552,389,27,7,0.7480719794344473,0.7411973138504475,0.6304959107068853,0.2612004280090332,0.6394522190093994,ok,
taiwanese_bankruptcy_prediction,5455,1364,95,2,0.967741935483871,0.9518773135906928,0.10221240498250056,0.4586472511291504,5.388503551483154,ok,
wine-quality-red,1279,320,4,6,0.578125,0.5552132381662583,0.965048511778134,0.26111459732055664,0.3023860454559326,ok,
