dataset_id,n_train,n_test,n_features,n_classes,accuracy,f1_weighted,logloss,fit_seconds,predict_seconds,status,error
customer_satisfaction_in_airline,103904,25976,21,2,0.9205420388050508,0.9205815917538026,0.20162524392742648,11.989382028579712,179.28496050834656,ok,
page-blocks,4378,1095,10,5,0.9744292237442922,0.9741118615703448,0.09753795918584834,0.314349889755249,1.156527042388916,ok,
qsar,844,211,40,2,0.8672985781990521,0.8645599647397326,0.3116412834507233,0.2722055912017822,0.4913294315338135,ok,
rl,3976,994,12,2,0.6941649899396378,0.6900886117492616,0.5816370934003248,0.25743699073791504,1.091975212097168,ok,
seismic+bumps,2067,517,18,2,0.9323017408123792,0.9015049866113696,0.23109730689133923,0.25815892219543457,0.6523957252502441,ok,
splice,2552,638,60,3,0.8322884012539185,0.8222448438425536,0.4848302063006271,0.3651113510131836,1.7818124294281006,ok,
taiwanese_bankruptcy_prediction,5455,1364,95,2,0.967741935483871,0.9518773135906928,0.09476303356669549,0.4702730178833008,5.352385520935059,ok,
wine,2043,511,4,2,0.7377690802348337,0.7363496622007479,0.5313732342937338,0.25681042671203613,0.21083331108093262,ok,
wine-quality-white,3918,980,11,7,0.5989795918367347,0.5750733766083062,0.9560801847042094,0.26004600524902344,1.062615156173706,ok,
