dataset_id,n_train,n_test,n_features,n_classes,accuracy,f1_weighted,logloss,fit_seconds,predict_seconds,status,error
SDSS17,80000,20000,12,3,0.62025,0.4991365377395512,0.7496437703697894,12.26335597038269,139.87811279296875,ok,
estimation_of_obesity_levels,1688,423,16,7,0.6312056737588653,0.6222576729685744,1.3678217228473033,0.4160938262939453,1.4777452945709229,ok,
eye_movements,8748,2188,27,3,0.4524680073126143,0.4323404596025885,1.0349699307121831,0.4354379177093506,5.017971515655518,ok,
gas-drift,11128,2782,128,6,0.8522645578720345,0.8516634592596264,0.9020041790699743,1.0243031978607178,108.92947769165039,ok,
telco-customer-churn,5634,1409,18,2,0.7714691270404542,0.7299282609649365,0.4811989977044141,0.4854252338409424,13.448901176452637,ok,
