dataset_id,n_train,n_test,n_features,n_classes,accuracy,f1_weighted,logloss,fit_seconds,predict_seconds,status,error
OpenML-ID-1459,8174,2044,7,10,0.8590998043052838,0.8588794623495932,0.3641430105749153,14.180445194244385,4.803550958633423,ok,
OpenML-ID-27,294,74,22,2,0.8783783783783784,0.8715297822093938,0.4184017817793266,0.27913880348205566,0.10717248916625977,ok,
OpenML-ID-31,800,200,20,2,0.765,0.7541888619854721,0.4925365209702693,0.28917384147644043,0.2222003936767578,ok,
OpenML-ID-41027,35855,8964,6,3,0.8609995537706381,0.8590948520887849,0.2344810660885799,0.36063194274902344,21.390563011169434,ok,
OpenML-ID-4134,3000,751,1776,2,0.7669773635153129,0.7661492739815022,0.4704966098382867,3.8623039722442627,225.1076078414917,ok,
