dataset_id,n_train,n_test,n_features,n_classes,accuracy,f1_weighted,logloss,fit_seconds,predict_seconds,status,error
customer_satisfaction_in_airline,103904,25976,21,2,0.7619340930089313,0.7591908938438457,0.5098662474205442,12.51242184638977,228.66796779632568,ok,
kr-vs-k,22444,5612,6,18,0.2827868852459016,0.21781009162356874,2.117201859854255,0.5554192066192627,40.89400911331177,ok,
online_shoppers,9864,2466,14,2,0.8450932684509327,0.7741425808579093,0.41096016485444764,0.4491853713989258,3.282672166824341,ok,
page-blocks,4378,1095,10,5,0.9223744292237442,0.899279863251051,0.25589389692088305,0.314070463180542,1.1567907333374023,ok,
pol,8065,2017,26,2,0.7922657411998016,0.7902342265345004,0.4547799763714462,0.37529468536376953,3.4650142192840576,ok,
segment,1848,462,17,7,0.7857142857142857,0.7817368973127434,0.8247911851536942,0.3115828037261963,0.5847506523132324,ok,
seismic+bumps,2067,517,18,2,0.9342359767891683,0.9024719535783365,0.2309335983369276,0.3128337860107422,0.651139497756958,ok,
shuttle,46400,11600,9,7,0.9358620689655173,0.930699956637484,0.16566046460615025,0.5015311241149902,36.25310134887695,ok,
