dataset_id,n_train,n_test,n_features,n_classes,accuracy,f1_weighted,logloss,fit_seconds,predict_seconds,status,error
dabetes_130-us_hospitals,81412,20354,20,2,0.6090203399823131,0.5914947933050373,0.6603994399712678,11.742193460464478,211.23000359535217,ok,
maternal_health_risk,811,203,6,3,0.8522167487684729,0.8496907970394569,0.4171505006129804,0.4017362594604492,0.9772112369537354,ok,
mfeat-factors,1600,400,216,10,0.955,0.9550570266222504,0.353800944024492,0.5433743000030518,6.7642436027526855,ok,
microaggregation2,16000,4000,20,5,0.56475,0.41496110369438943,1.074062689135804,0.4811539649963379,34.1495418548584,ok,
waveform_database_generator,3999,1000,21,3,0.335,0.29250254454537217,1.0989239990768338,0.423875093460083,10.589483976364136,ok,
