dataset_id,n_train,n_test,n_features,n_classes,accuracy,f1_weighted,logloss,fit_seconds,predict_seconds,status,error
customer_satisfaction_in_airline,103904,25976,21,2,0.9002925777640899,0.9004100135014123,0.25163368013085563,12.227317333221436,242.43365240097046,ok,
rl,3976,994,12,2,0.6891348088531187,0.6871587245809971,0.601096179753068,0.45949673652648926,2.977548122406006,ok,
sports_articles_for_objectivity_analysis,800,200,59,2,0.81,0.8087968118790261,0.44531722581996,0.4144625663757324,0.5638067722320557,ok,
statlog,800,200,20,2,0.7,0.6569397126351652,0.5570662003008579,0.3260154724121094,0.3138120174407959,ok,
taiwanese_bankruptcy_prediction,5455,1364,95,2,0.968475073313783,0.9536657863061864,0.09685720645306596,0.5062313079833984,12.904727697372437,ok,
