dataset_id,n_train,n_test,n_features,n_classes,accuracy,f1_weighted,logloss,fit_seconds,predict_seconds,status,error
customer_satisfaction_in_airline,103904,25976,21,2,0.8934785956267324,0.8937166989435097,0.2682625493643749,11.797761917114258,181.77329277992249,ok,
rice_cammeo_and_osmancik,3048,762,7,2,0.916010498687664,0.916010498687664,0.19905563612941732,0.2900691032409668,0.6779079437255859,ok,
satimage,5144,1286,36,6,0.890357698289269,0.8834835824401805,0.2845660386893642,0.3497443199157715,2.499180555343628,ok,
steel_plates_faults,1552,389,27,7,0.7480719794344473,0.7411973138504475,0.6304959107068853,0.2883009910583496,0.6516053676605225,ok,
taiwanese_bankruptcy_prediction,5455,1364,95,2,0.967741935483871,0.9518773135906928,0.10221240498250056,0.49175119400024414,5.359204530715942,ok,
wine,2043,511,4,2,0.7377690802348337,0.737007741271492,0.5466305549070043,0.2749638557434082,0.20872998237609863,ok,
wine-quality-white,3918,980,11,7,0.5673469387755102,0.5413342534853314,1.043445027861767,0.292860746383667,1.0577998161315918,ok,
