dataset_id,n_train,n_test,n_features,n_classes,accuracy,f1_weighted,logloss,fit_seconds,predict_seconds,status,error
customer_satisfaction_in_airline,103904,25976,21,2,0.8424699722821065,0.842816785676575,0.35576048846515274,11.845220804214478,178.82820916175842,ok,
ozone-level-8hr,2027,507,72,2,0.9368836291913215,0.9063538164274496,0.1873351992847159,0.3675045967102051,1.5927505493164062,ok,
predict_students_dropout_and_academic_success,3539,885,34,3,0.7107344632768362,0.6390687713750258,0.7287715874895857,0.33274340629577637,1.637279987335205,ok,
segment,1848,462,17,7,0.841991341991342,0.8326527092096049,0.43335043592034533,0.2969510555267334,0.5860700607299805,ok,
semeion,1274,319,256,10,0.7084639498432602,0.7040967441511574,1.8107890154678172,0.5200464725494385,3.1332881450653076,ok,
thyroid,5760,1440,21,3,0.9395833333333333,0.913919483824064,0.16443612467699928,0.32849836349487305,2.045565366744995,ok,
water_quality,6396,1600,20,2,0.88625,0.8328048376408218,0.29262560877415444,0.31883955001831055,2.0743179321289062,ok,
website_phishing,1082,271,9,3,0.8597785977859779,0.8253510110208397,0.36993432284137684,0.2859334945678711,0.29263758659362793,ok,
wine-quality-red,1279,320,4,6,0.54375,0.5063613883716236,1.0037215474210064,0.2808523178100586,0.29926562309265137,ok,
