dataset_id,n_train,n_test,n_features,n_classes,accuracy,f1_weighted,logloss,fit_seconds,predict_seconds,status,error
customer_satisfaction_in_airline,103904,25976,21,2,0.8934785956267324,0.8937166989435097,0.2682625493643749,11.708743333816528,179.1927285194397,ok,
ozone-level-8hr,2027,507,72,2,0.9368836291913215,0.9063538164274496,0.18920775848682853,0.39237403869628906,1.5970919132232666,ok,
phoneme,4323,1081,5,2,0.8427382053654024,0.8427382053654024,0.3464593279802833,0.30289745330810547,0.6447539329528809,ok,
rice_cammeo_and_osmancik,3048,762,7,2,0.916010498687664,0.916010498687664,0.19905563612941732,0.3013722896575928,0.6816115379333496,ok,
satimage,5144,1286,36,6,0.890357698289269,0.8834835824401805,0.2845660386893642,0.3709225654602051,2.5035526752471924,ok,
steel_plates_faults,1552,389,27,7,0.7480719794344473,0.7411973138504475,0.6304959107068853,0.29259300231933594,0.6484391689300537,ok,
telco-customer-churn,5634,1409,18,2,0.7913413768630234,0.7950145235664021,0.44287103072429784,0.35582900047302246,1.906883716583252,ok,
turiye_student_evaluation,4656,1164,32,5,0.4029209621993127,0.32798114604539147,1.4137440742720158,0.3560023307800293,2.091059923171997,ok,
waveform-5000,4000,1000,40,3,0.79,0.7825578529657475,0.5413117531166104,0.35305094718933105,2.055680513381958,ok,
