dataset_id,n_train,n_test,n_features,n_classes,accuracy,f1_weighted,logloss,fit_seconds,predict_seconds,status,error
customer_satisfaction_in_airline,103904,25976,21,2,0.8335001539882969,0.8337628411314267,0.37244438387674905,12.245447635650635,179.45045232772827,ok,
page-blocks,4378,1095,10,5,0.9515981735159817,0.9465152909125065,0.1709005626717405,0.4319477081298828,1.1531522274017334,ok,
phoneme,4323,1081,5,2,0.8362627197039778,0.8345679884920827,0.35394995368894144,0.3753328323364258,0.6379938125610352,ok,
ringnorm,5920,1480,20,2,0.9621621621621622,0.962155388174197,0.1138822113083607,0.42511677742004395,2.0929296016693115,ok,
spambase,3680,921,57,2,0.9087947882736156,0.9071621912892209,0.2822465339738567,0.4640226364135742,2.3995635509490967,ok,
texture,4400,1100,40,11,0.9063636363636364,0.9062792928059861,0.3934667626624491,0.45480966567993164,6.30275297164917,ok,
