dataset_id,n_train,n_test,n_features,n_classes,accuracy,f1_weighted,logloss,fit_seconds,predict_seconds,status,error
volkert,46648,11662,180,10,0.5058309037900874,0.4225086122357395,1.4555953419304746,14.472160816192627,284.39304208755493,ok,
one-hundred-plants-texture,1279,320,64,100,0.76875,0.7470014880952381,2.002578902818427,0.4711570739746094,26.031954526901245,ok,
