dataset_id,n_train,n_test,n_features,n_classes,accuracy,f1_weighted,logloss,fit_seconds,predict_seconds,status,error
Credit_c,80000,20000,22,3,0.5397,0.4121068964243362,0.970561978687175,12.508394718170166,151.88835263252258,ok,
eye_movements,8748,2188,27,3,0.4012797074954296,0.2908976126336811,1.0644251201303494,0.5292644500732422,33.03423738479614,ok,
internet_usage,8086,2022,70,46,0.28486646884273,0.126314923828647,2.8019324985604785,0.5672998428344727,103.34803867340088,ok,
