dataset_id,n_train,n_test,n_features,n_classes,accuracy,f1_weighted,logloss,fit_seconds,predict_seconds,status,error
customer_satisfaction_in_airline,103904,25976,21,2,0.5832691715429628,0.5838511040884489,0.6840919361482939,12.038321256637573,178.6568522453308,ok,
optdigits,4496,1124,64,10,0.19306049822064056,0.10459666752824184,2.2552582637046434,0.521371603012085,3.157498598098755,ok,
ringnorm,5920,1480,20,2,0.5486486486486486,0.44011562812499483,0.6661369052385823,0.34502243995666504,2.0756947994232178,ok,
spambase,3680,921,57,2,0.6058631921824105,0.4571624898414943,0.6403487376936932,0.3625471591949463,2.3946423530578613,ok,
texture,4400,1100,40,11,0.15636363636363637,0.09341057286019755,2.189697441691312,0.34653186798095703,6.452300786972046,ok,
