dataset_id,n_train,n_test,n_features,n_classes,accuracy,f1_weighted,logloss,fit_seconds,predict_seconds,status,error
dabetes_130-us_hospitals,81412,20354,20,2,0.6158494644787266,0.6050146721040033,0.6602018326852815,13.808170557022095,242.48819088935852,ok,
led24,2560,640,24,10,0.734375,0.729250479460642,0.8712458324182556,0.4334745407104492,3.593125104904175,ok,
led7,2560,640,7,10,0.73125,0.7280704564531177,0.8155154786965525,0.39597630500793457,5.313131809234619,ok,
letter,16000,4000,15,26,0.85525,0.8554829810871131,0.6284909013911518,0.5178241729736328,69.6033821105957,ok,
