dataset_id,n_train,n_test,n_features,n_classes,accuracy,f1_weighted,logloss,fit_seconds,predict_seconds,status,error
customer_satisfaction_in_airline,103904,25976,21,2,0.901909454881429,0.9020854034329696,0.2583834065219682,12.853148937225342,219.92152619361877,ok,
maternal_health_risk,811,203,6,3,0.812807881773399,0.8068102590648089,0.4655460002359473,0.4228370189666748,0.4125509262084961,ok,
mfeat-factors,1600,400,216,10,0.9475,0.947322423286939,0.40140073163230516,0.5187242031097412,4.7711021900177,ok,
mfeat-zernike,1600,400,47,10,0.7,0.6879579651643393,0.8759304534503616,0.39139890670776367,1.560384750366211,ok,
mobile_c36_oversampling,41408,10352,6,2,0.9422333848531684,0.942554221036809,0.17192381660628853,0.40553832054138184,27.851633310317993,ok,
splice,2552,638,60,3,0.8009404388714734,0.7912497671425216,0.49375274758741416,0.4114193916320801,3.7793967723846436,ok,
thyroid,5760,1440,21,3,0.9534722222222223,0.9413800611021355,0.09755574472821826,0.3327207565307617,2.516782760620117,ok,
turiye_student_evaluation,4656,1164,32,5,0.48281786941580757,0.3864583609717078,1.2684187976382622,0.36429595947265625,2.67102313041687,ok,
waveform-5000,4000,1000,40,3,0.8,0.7999714564013614,0.77137558220677,0.45849013328552246,2.6293246746063232,ok,
