dataset_id,n_train,n_test,n_features,n_classes,accuracy,f1_weighted,logloss,fit_seconds,predict_seconds,status,error
dabetes_130-us_hospitals,81412,20354,20,2,0.5982607841210573,0.5634997861775518,0.6671660927495244,11.88517713546753,216.34061884880066,ok,
jungle_chess_2pcs_raw_endgame_complete,35855,8964,6,3,0.7806782686300758,0.7640273701335459,0.5326778205118999,0.643972635269165,55.0404098033905,ok,
one-hundred-plants-texture,1279,320,64,100,0.746875,0.7284647817460317,2.5278136960936393,0.3901188373565674,45.934218645095825,ok,
