dataset_id,n_train,n_test,n_features,n_classes,accuracy,f1_weighted,logloss,fit_seconds,predict_seconds,status,error
customer_satisfaction_in_airline,103904,25976,21,2,0.8977517708654142,0.8979478780349,0.2644420751492034,12.178568601608276,259.4687829017639,ok,
mfeat-factors,1600,400,216,10,0.8525,0.8519218911224242,0.8986882908940277,0.6329612731933594,9.52956247329712,ok,
okcupid_stem,21341,5336,13,3,0.720952023988006,0.6063342861864894,0.6673876427423041,0.4820725917816162,27.32590341567993,ok,
water_quality,6396,1600,20,2,0.89375,0.8651957985653638,0.2448096162792597,0.3637099266052246,4.467870473861694,ok,
