dataset_id,n_train,n_test,n_features,n_classes,accuracy,f1_weighted,logloss,fit_seconds,predict_seconds,status,error
customer_satisfaction_in_airline,103904,25976,21,2,0.9076455189405606,0.9077889974087177,0.2511074822585077,12.329289197921753,254.2175898551941,ok,
mammography,8946,2237,6,2,0.9843540455967814,0.9821736643872061,0.046317081885530895,0.4480876922607422,3.0437164306640625,ok,
maternal_health_risk,811,203,6,3,0.8226600985221675,0.8193558200612279,0.46320587782340045,0.29819154739379883,0.8388206958770752,ok,
mfeat-factors,1600,400,216,10,0.9425,0.9425862217362863,0.4137564504811814,0.49436187744140625,5.916379451751709,ok,
mice_protein_expression,864,216,75,8,0.9490740740740741,0.9484356360125787,0.6224659145349415,0.3584115505218506,0.9826755523681641,ok,
mobile_c36_oversampling,41408,10352,6,2,0.9496715610510046,0.949931377219887,0.15879566681735233,0.40419626235961914,23.33970856666565,ok,
spambase,3680,921,57,2,0.9229098805646037,0.9219687049901482,0.24075090579706632,0.37297606468200684,3.1469881534576416,ok,
texture,4400,1100,40,11,0.9518181818181818,0.9517325156578309,0.1887827172798499,0.357067346572876,10.275247573852539,ok,
