dataset_id,n_train,n_test,n_features,n_classes,accuracy,f1_weighted,logloss,fit_seconds,predict_seconds,status,error
Basketball_c,1072,268,11,2,0.7126865671641791,0.7112085072156479,0.578175085800354,10.912298440933228,2.125983238220215,ok,
CDC_Diabetes_Health_Indicators,202944,50736,21,2,0.8672343109429203,0.829350119866572,0.3121744791529543,2.117953062057495,640.6798906326294,ok,
