dataset_id,n_train,n_test,n_features,n_classes,accuracy,f1_weighted,logloss,fit_seconds,predict_seconds,status,error
customer_satisfaction_in_airline,103904,25976,21,2,0.9126116415152449,0.9126946147843558,0.21945581963355565,12.087014436721802,178.34628677368164,ok,
page-blocks,4378,1095,10,5,0.9726027397260274,0.9719832668053068,0.1022136358230343,0.3146979808807373,1.1502952575683594,ok,
pc4,1166,292,37,2,0.886986301369863,0.8628919446411262,0.21295348872306996,0.2747831344604492,0.6051630973815918,ok,
pol,8065,2017,26,2,0.9583539910758553,0.9583534178116182,0.13919987070343345,0.3130967617034912,3.469071626663208,ok,
sports_articles_for_objectivity_analysis,800,200,59,2,0.835,0.8336671321777704,0.40010019460648344,0.2916097640991211,0.5760564804077148,ok,
steel_plates_faults,1552,389,27,7,0.7609254498714653,0.7606391079045326,0.529542781093905,0.2626967430114746,0.6482436656951904,ok,
taiwanese_bankruptcy_prediction,5455,1364,95,2,0.967741935483871,0.9518773135906928,0.09747928705836606,0.4571802616119385,5.364747524261475,ok,
wine,2043,511,4,2,0.7299412915851272,0.7290386057225141,0.5332884758898063,0.25525975227355957,0.20981121063232422,ok,
wine-quality-white,3918,980,11,7,0.5979591836734693,0.572425638818906,0.9583123521796275,0.2576627731323242,1.0609972476959229,ok,
