dataset_id,n_train,n_test,n_features,n_classes,accuracy,f1_weighted,logloss,fit_seconds,predict_seconds,status,error
SDSS17,80000,20000,12,3,0.81355,0.8025942916026133,0.4986701666383813,12.231452226638794,124.43995642662048,ok,
dna,2548,638,180,3,0.786833855799373,0.773284314548365,0.6846971068439964,0.6379766464233398,4.4271016120910645,ok,
eye_movements_bin,6086,1522,20,2,0.5440210249671484,0.5433112944704533,0.687637109857836,0.3763766288757324,2.146584987640381,ok,
gina_agnostic,2774,694,970,2,0.7449567723342939,0.7427150868766378,0.5875101646864317,1.9197134971618652,32.77323532104492,ok,
mfeat-fourier,1600,400,76,10,0.635,0.6315827157140793,1.6823106537039403,0.384845495223999,1.3042786121368408,ok,
mfeat-morphological,1600,400,6,10,0.665,0.6520681713067242,0.6686225259160355,0.31703829765319824,0.35524606704711914,ok,
mfeat-pixel,1600,400,240,10,0.92,0.9194707857150339,0.819224666457668,0.5556714534759521,3.64115571975708,ok,
naticusdroid+android+permissions+dataset,23465,5867,86,2,0.9181864666780296,0.9181252905227348,0.23268569402922806,1.0179195404052734,25.79116153717041,ok,
