dataset_id,n_train,n_test,n_features,n_classes,accuracy,f1_weighted,logloss,fit_seconds,predict_seconds,status,error
customer_satisfaction_in_airline,103904,25976,21,2,0.8813135201724669,0.8814618514183967,0.3007759933870452,12.20940089225769,179.96750688552856,ok,
pc1,887,222,21,2,0.9459459459459459,0.9286892526329146,0.1720098125942232,0.42133617401123047,0.3598349094390869,ok,
pc3,1250,313,37,2,0.9041533546325878,0.864296616669291,0.2750956351679448,0.33437609672546387,0.6369369029998779,ok,
pol,8065,2017,26,2,0.947942488844819,0.9479354244953535,0.163117549840911,0.37860560417175293,3.470407724380493,ok,
sports_articles_for_objectivity_analysis,800,200,59,2,0.825,0.8229402684748753,0.4451982064957141,0.32741332054138184,0.5756969451904297,ok,
steel_plates_faults,1552,389,27,7,0.7017994858611826,0.6818691245425813,0.7839342342319651,0.30272388458251953,0.646651029586792,ok,
telco-customer-churn,5634,1409,18,2,0.7892122072391767,0.7727825695380903,0.4312689129425793,0.34122180938720703,1.9060921669006348,ok,
turiye_student_evaluation,4656,1164,32,5,0.47852233676975947,0.3617547652506821,1.3084357745064372,0.3384361267089844,2.0860135555267334,ok,
waveform-5000,4000,1000,40,3,0.823,0.8224473078704427,0.6685558687735781,0.3433351516723633,2.0557188987731934,ok,
