dataset_id,n_train,n_test,n_features,n_classes,accuracy,f1_weighted,logloss,fit_seconds,predict_seconds,status,error
dabetes_130-us_hospitals,81412,20354,20,2,0.6037633880318365,0.5820286502512436,0.6678740634616736,11.614718675613403,142.54218435287476,ok,
banknote_authentication,1097,275,4,2,0.5527272727272727,0.40855693811967897,0.6899256487754819,0.4245181083679199,0.554271936416626,ok,
car-evaluation,1382,346,21,4,0.9104046242774566,0.8855432104614801,0.24354711722496833,0.30974578857421875,1.7838916778564453,ok,
contraceptive_method_choice,1178,295,9,3,0.5694915254237288,0.5520549972876911,0.9128219928580188,0.3218348026275635,1.2237796783447266,ok,
credit,13371,3343,10,2,0.7690696978761591,0.7689782862594612,0.5245867933423031,0.3447411060333252,15.0986807346344,ok,
gina_agnostic,2774,694,970,2,0.7694524495677233,0.769375797762644,0.5289022762504259,1.868457555770874,73.23967027664185,ok,
water_quality,6396,1600,20,2,0.896875,0.8733097755065402,0.2347975307589779,0.32806992530822754,3.6354074478149414,ok,
