dataset_id,n_train,n_test,n_features,n_classes,accuracy,f1_weighted,logloss,fit_seconds,predict_seconds,status,error
customer_satisfaction_in_airline,103904,25976,21,2,0.9033338466276563,0.9033847709701576,0.24680449701710935,12.123511552810669,180.8843801021576,ok,
okcupid_stem,21341,5336,13,3,0.723575712143928,0.6119329218724515,0.6481010984476893,0.6125001907348633,9.972760677337646,ok,
ringnorm,5920,1480,20,2,0.9743243243243244,0.9743175693451938,0.08262378195134305,0.440201997756958,2.0810656547546387,ok,
spambase,3680,921,57,2,0.9261672095548317,0.9253438404763465,0.21218032475944218,0.4741547107696533,2.3903467655181885,ok,
taiwanese_bankruptcy_prediction,5455,1364,95,2,0.968475073313783,0.9536657863061864,0.09554980027729935,0.6131265163421631,5.342888593673706,ok,
waveform-5000,4000,1000,40,3,0.823,0.8224412109691908,0.5740323928180121,0.4597508907318115,2.037543773651123,ok,
