dataset_id,n_train,n_test,n_features,n_classes,accuracy,f1_weighted,logloss,fit_seconds,predict_seconds,status,error
Credit_c,80000,20000,22,3,0.64685,0.6365341314350217,0.7761674770758488,12.154008626937866,115.65153169631958,ok,
PizzaCutter3,834,209,37,2,0.8803827751196173,0.8243787817913973,0.2836470044144805,0.47246408462524414,0.6452028751373291,ok,
UJI_Pen_Characters,1091,273,80,35,0.2893772893772894,0.27183842456996027,2.885376617049871,0.3518538475036621,4.432218551635742,ok,
autoUniv-au4-2500,2000,500,100,3,0.47,0.3005442176870749,0.9132828997852142,0.4117739200592041,2.0656776428222656,ok,
company_bankruptcy_prediction,5455,1364,95,2,0.969208211143695,0.9566080885893116,0.0884671670613466,0.5318121910095215,5.380810976028442,ok,
electricity,36249,9063,8,2,0.7986317996248483,0.7949704991384289,0.4456101289550644,0.48567628860473633,23.517686128616333,ok,
kdd_ipums_la_97-small,4150,1038,20,2,0.8410404624277457,0.8387013229185011,0.33111395963036705,0.35479283332824707,1.4887852668762207,ok,
kropt,22444,5612,6,18,0.537776193870278,0.5241267664199659,1.3559156236675427,0.3924238681793213,123.39494633674622,ok,
