dataset_id,n_train,n_test,n_features,n_classes,accuracy,f1_weighted,logloss,fit_seconds,predict_seconds,status,error
customer_satisfaction_in_airline,103904,25976,21,2,0.8660686787804127,0.8662567369864398,0.3247662691695093,11.851037740707397,179.90670800209045,ok,
page-blocks,4378,1095,10,5,0.9662100456621004,0.9641831851284904,0.11780665889828269,0.3877272605895996,1.1586966514587402,ok,
pc4,1166,292,37,2,0.8801369863013698,0.8429306577144374,0.2297845596220699,0.37004661560058594,0.5985791683197021,ok,
pol,8065,2017,26,2,0.9087754090233019,0.9087012182409803,0.22014705104038468,0.3608524799346924,3.4804158210754395,ok,
sports_articles_for_objectivity_analysis,800,200,59,2,0.825,0.8235863523097566,0.4319913734754789,0.31551384925842285,0.5759446620941162,ok,
steel_plates_faults,1552,389,27,7,0.7146529562982005,0.696519481175289,0.684503145333194,0.28739500045776367,0.6585900783538818,ok,
taiwanese_bankruptcy_prediction,5455,1364,95,2,0.967741935483871,0.9518773135906928,0.0979346020587749,0.48474717140197754,5.370266914367676,ok,
wine,2043,511,4,2,0.7299412915851272,0.7287760278066634,0.5246677245917678,0.2845597267150879,0.2122960090637207,ok,
wine-quality-white,3918,980,11,7,0.6142857142857143,0.5697652331925377,0.9761688297829312,0.28595781326293945,1.0645771026611328,ok,
