dataset_id,n_train,n_test,n_features,n_classes,accuracy,f1_weighted,logloss,fit_seconds,predict_seconds,status,error
customer_satisfaction_in_airline,103904,25976,21,2,0.8822374499538035,0.8824530265967317,0.28069700322565166,12.660999536514282,179.08953070640564,ok,
page-blocks,4378,1095,10,5,0.9634703196347032,0.9604305710338256,0.1350314129288216,0.4593992233276367,1.1490187644958496,ok,
pc4,1166,292,37,2,0.8767123287671232,0.8360930380340985,0.27308879129687963,0.39172816276550293,0.5892508029937744,ok,
pol,8065,2017,26,2,0.9315815567674764,0.9315793367916774,0.1742068651256903,0.42995142936706543,3.4501702785491943,ok,
sports_articles_for_objectivity_analysis,800,200,59,2,0.82,0.8175307002987056,0.4377820962980046,0.34772777557373047,0.5704817771911621,ok,
steel_plates_faults,1552,389,27,7,0.7095115681233933,0.6877622810900083,0.7481975072967519,0.3080790042877197,0.6356499195098877,ok,
telco-customer-churn,5634,1409,18,2,0.7821149751596878,0.7600964916434482,0.44434021223759795,0.34137415885925293,1.8943121433258057,ok,
turiye_student_evaluation,4656,1164,32,5,0.49054982817869414,0.3886477955923796,1.2681687089399056,0.33495140075683594,2.0759198665618896,ok,
waveform-5000,4000,1000,40,3,0.76,0.7598413026437831,0.880781657311424,0.345900297164917,2.0356106758117676,ok,
