dataset_id,n_train,n_test,n_features,n_classes,accuracy,f1_weighted,logloss,fit_seconds,predict_seconds,status,error
customer_satisfaction_in_airline,103904,25976,21,2,0.8891669233138282,0.8892188505307174,0.27220196839782324,11.695672750473022,181.61499691009521,ok,
qsar,844,211,40,2,0.8815165876777251,0.8793526478424041,0.3183810451046553,0.3471212387084961,0.49176740646362305,ok,
rl,3976,994,12,2,0.6569416498993964,0.6516069881293896,0.6154159616361576,0.31624650955200195,1.0951666831970215,ok,
semeion,1274,319,256,10,0.8683385579937304,0.869183212885003,1.0336828409752288,0.5420472621917725,3.15757155418396,ok,
thyroid,5760,1440,21,3,0.9430555555555555,0.9179128226915918,0.12505668198338568,0.342207670211792,2.07255220413208,ok,
wall-robot-navigation,4364,1092,24,4,0.9258241758241759,0.9258501484327712,0.22682140023723132,0.3363044261932373,1.6573073863983154,ok,
waveform_database_generator_version_1,4000,1000,21,3,0.852,0.851000238691968,0.3341574113103655,0.33266353607177734,1.4251949787139893,ok,
