dataset_id,n_train,n_test,n_features,n_classes,accuracy,f1_weighted,logloss,fit_seconds,predict_seconds,status,error
customer_satisfaction_in_airline,103904,25976,21,2,0.8934785956267324,0.8937166989435097,0.2682625493643749,11.836116313934326,178.3391933441162,ok,
page-blocks,4378,1095,10,5,0.9689497716894977,0.9678805052821846,0.107028763423547,0.32131218910217285,1.1518959999084473,ok,
pendigits,8793,2199,16,10,0.9877216916780355,0.9876995445304716,0.05455452629487188,0.34163594245910645,2.961627721786499,ok,
semeion,1274,319,256,10,0.890282131661442,0.8908451424417267,0.8273046540670005,0.5168557167053223,3.146327018737793,ok,
thyroid,5760,1440,21,3,0.9777777777777777,0.9761925905896907,0.058594494664537686,0.33238863945007324,2.0509068965911865,ok,
wall-robot-navigation,4364,1092,24,4,0.9267399267399268,0.9266513295296789,0.2627993486341694,0.3286609649658203,1.6422843933105469,ok,
waveform_database_generator_version_1,4000,1000,21,3,0.859,0.8580716313632547,0.34067790466117737,0.3256962299346924,1.4140267372131348,ok,
