dataset_id,n_train,n_test,n_features,n_classes,accuracy,f1_weighted,logloss,fit_seconds,predict_seconds,status,error
customer_satisfaction_in_airline,103904,25976,21,2,0.45268709578072064,0.2821331686384255,0.6942014520200114,11.750123023986816,169.4349765777588,ok,
online_shoppers,9864,2466,14,2,0.8450932684509327,0.7741425808579093,0.6780431537920218,0.37836289405822754,3.2100117206573486,ok,
pc4,1166,292,37,2,0.8767123287671232,0.8191180881911808,0.6921093827938762,0.31636619567871094,0.5998132228851318,ok,
predict_students_dropout_and_academic_success,3539,885,34,3,0.32090395480225986,0.15592253749160276,1.0951266116135976,0.34056639671325684,1.6409492492675781,ok,
segment,1848,462,17,7,0.14285714285714285,0.03571428571428571,1.946680075466053,0.31023192405700684,0.5915801525115967,ok,
shuttle,46400,11600,9,7,0.0008620689655172414,1.4850455908996406e-06,1.9860121986570367,0.4990885257720947,34.04584503173828,ok,
