dataset_id,n_train,n_test,n_features,n_classes,accuracy,f1_weighted,logloss,fit_seconds,predict_seconds,status,error
Credit_c,80000,20000,22,3,0.65285,0.6423387315787983,0.7553883557311813,12.520812273025513,114.56394052505493,ok,
ada,3317,830,48,2,0.8240963855421687,0.8082014806212802,0.3537287872191348,0.5188009738922119,1.9600305557250977,ok,
autoUniv-au4-2500,2000,500,100,3,0.47,0.3005442176870749,0.9135146389877982,0.47309446334838867,4.1174476146698,ok,
dna,2548,638,180,3,0.8918495297805643,0.8877278777064893,0.39662392930506857,0.5375404357910156,18.80576729774475,ok,
internet_firewall,52425,13107,7,4,0.8021667811093309,0.733456632050863,0.3018677184089849,0.4783146381378174,65.26285910606384,ok,
