dataset_id,n_train,n_test,n_features,n_classes,accuracy,f1_weighted,logloss,fit_seconds,predict_seconds,status,error
customer_satisfaction_in_airline,103904,25976,21,2,0.9105327995072374,0.910718690012058,0.2306240778697511,12.573815107345581,178.32884335517883,ok,
online_shoppers,9864,2466,14,2,0.8714517437145174,0.8344249964629412,0.29323657829630106,0.4868590831756592,3.2771849632263184,ok,
page-blocks,4378,1095,10,5,0.965296803652968,0.9641956877646098,0.11500200348728264,0.31063222885131836,1.1437170505523682,ok,
pol,8065,2017,26,2,0.9276152702032722,0.9276136688530753,0.17354876387623708,0.3792541027069092,3.462855100631714,ok,
shuttle,46400,11600,9,7,0.9983620689655173,0.9981186261028719,0.006560952281335884,0.49039220809936523,38.753053188323975,ok,
