dataset_id,n_train,n_test,n_features,n_classes,accuracy,f1_weighted,logloss,fit_seconds,predict_seconds,status,error
customer_satisfaction_in_airline,103904,25976,21,2,0.8934785956267324,0.8937166989435097,0.2682625493643749,12.047453165054321,177.02442049980164,ok,
page-blocks,4378,1095,10,5,0.9689497716894977,0.9678805052821846,0.107028763423547,0.31377339363098145,1.1543009281158447,ok,
pc3,1250,313,37,2,0.8977635782747604,0.8493992104215747,0.2742540405575765,0.3138418197631836,0.6373331546783447,ok,
pol,8065,2017,26,2,0.9072880515617253,0.9066519885913173,0.2726625808163965,0.36455488204956055,3.445810079574585,ok,
sports_articles_for_objectivity_analysis,800,200,59,2,0.825,0.8198600981866682,0.4334306605810201,0.33870840072631836,0.5597116947174072,ok,
steel_plates_faults,1552,389,27,7,0.7480719794344473,0.7411973138504475,0.6304959107068853,0.32184290885925293,0.660165548324585,ok,
telco-customer-churn,5634,1409,18,2,0.7913413768630234,0.7950145235664021,0.44287103072429784,0.3599073886871338,1.8902866840362549,ok,
turiye_student_evaluation,4656,1164,32,5,0.4029209621993127,0.32798114604539147,1.4137440742720158,0.3513524532318115,2.085620164871216,ok,
waveform-5000,4000,1000,40,3,0.79,0.7825578529657475,0.5413117531166104,0.3458695411682129,2.038254499435425,ok,
