dataset_id,n_train,n_test,n_features,n_classes,accuracy,f1_weighted,logloss,fit_seconds,predict_seconds,status,error
customer_satisfaction_in_airline,103904,25976,21,2,0.8934785956267324,0.8937166989435097,0.2682625493643749,11.811904430389404,177.06354522705078,ok,
optdigits,4496,1124,64,10,0.943950177935943,0.9439002685360176,0.570690287122514,0.4097628593444824,3.159299373626709,ok,
pc4,1166,292,37,2,0.8835616438356164,0.8350961703521185,0.2571686312318365,0.3233346939086914,0.5922119617462158,ok,
qsar,844,211,40,2,0.8578199052132701,0.8534296716316859,0.3667069417878023,0.30800724029541016,0.4943406581878662,ok,
ringnorm,5920,1480,20,2,0.972972972972973,0.9729645781214268,0.10370844095078015,0.32535243034362793,2.0850048065185547,ok,
spambase,3680,921,57,2,0.8707926167209555,0.8654248872348292,0.3359048450324737,0.35198378562927246,2.3912315368652344,ok,
texture,4400,1100,40,11,0.9754545454545455,0.9756186284896747,0.1143578829350395,0.34609079360961914,6.401108026504517,ok,
