dataset_id,n_train,n_test,n_features,n_classes,accuracy,f1_weighted,logloss,fit_seconds,predict_seconds,status,error
customer_satisfaction_in_airline,103904,25976,21,2,0.8934785956267324,0.8937166989435097,0.2682625493643749,11.84286642074585,179.65977954864502,ok,
pc1,887,222,21,2,0.9324324324324325,0.8998298998298998,0.1904568492695894,0.30986905097961426,0.36105895042419434,ok,
pendigits,8793,2199,16,10,0.9877216916780355,0.9876995445304716,0.05455452629487188,0.33189821243286133,2.96319842338562,ok,
seismic+bumps,2067,517,18,2,0.9342359767891683,0.9024719535783365,0.2340078472048028,0.28869009017944336,0.6450948715209961,ok,
splice,2552,638,60,3,0.7115987460815048,0.6386280322005573,0.6610171215379449,0.3931093215942383,1.776172399520874,ok,
telco-customer-churn,5634,1409,18,2,0.7913413768630234,0.7950145235664021,0.44287103072429784,0.33254051208496094,1.8893241882324219,ok,
turiye_student_evaluation,4656,1164,32,5,0.4029209621993127,0.32798114604539147,1.4137440742720158,0.3376483917236328,2.0804460048675537,ok,
waveform-5000,4000,1000,40,3,0.79,0.7825578529657475,0.5413117531166104,0.33890795707702637,2.040527820587158,ok,
