dataset_id,n_train,n_test,n_features,n_classes,accuracy,f1_weighted,logloss,fit_seconds,predict_seconds,status,error
customer_satisfaction_in_airline,103904,25976,21,2,0.9017169695103172,0.9019346464775577,0.24727262824845606,12.496350049972534,186.32204794883728,ok,
kr-vs-k,22444,5612,6,18,0.4321097647897363,0.4044407385659451,1.708370789770635,0.5323581695556641,108.478271484375,ok,
