dataset_id,n_train,n_test,n_features,n_classes,accuracy,f1_weighted,logloss,fit_seconds,predict_seconds,status,error
customer_satisfaction_in_airline,103904,25976,21,2,0.8522097320603634,0.8524933922202772,0.3425487012495512,12.15757942199707,181.93477511405945,ok,
segment,1848,462,17,7,0.8528138528138528,0.8453257700925825,0.3811394435273702,0.32637858390808105,0.5817029476165771,ok,
semeion,1274,319,256,10,0.7210031347962382,0.7220099755846189,1.7088641742919306,0.5269064903259277,3.143570899963379,ok,
thyroid-dis,2240,560,26,5,0.6696428571428571,0.6363296732232323,0.7872911644433418,0.3711068630218506,0.906883716583252,ok,
vehicle,676,170,18,4,0.7352941176470589,0.7187991700833458,0.6110361742568209,0.3367011547088623,0.31096458435058594,ok,
wall-robot-navigation,4364,1092,24,4,0.7728937728937729,0.7502383630599532,0.6831979700471102,0.3520529270172119,1.6592004299163818,ok,
waveform_database_generator_version_1,4000,1000,21,3,0.816,0.8081355109466476,0.46322787732033677,0.3307015895843506,1.423119306564331,ok,
