dataset_id,n_train,n_test,n_features,n_classes,accuracy,f1_weighted,logloss,fit_seconds,predict_seconds,status,error
SDSS17,80000,20000,12,3,0.9403,0.9395182825293698,0.20506458585554696,11.684741973876953,134.42494416236877,ok,
FOREX_cadjpy-day-High,1467,367,10,2,0.5749318801089919,0.5749318801089919,0.6660204627170682,0.48839378356933594,10.069928169250488,ok,
Firm-Teacher_Clave-Direction_Classification,8640,2160,16,4,0.7625,0.6782240257820006,0.6010250759285106,0.47796154022216797,16.07480788230896,ok,
Indian_pines,7315,1829,220,8,0.7643521049753964,0.7338178449646019,0.4720390023402322,0.988945484161377,44.59913444519043,ok,
eye_movements_bin,6086,1522,20,2,0.5683311432325887,0.5679534612624375,0.6838973152887846,0.3850727081298828,3.595172882080078,ok,
golf_play_dataset_extended,876,219,9,2,0.867579908675799,0.8606285064338606,0.29884190454056814,0.3228123188018799,0.807525634765625,ok,
house_16H,10790,2698,16,2,0.8465530022238695,0.846552243333304,0.37754207479153057,0.39832592010498047,12.22678256034851,ok,
jm1,8708,2177,21,2,0.8135048231511254,0.7597276769651997,0.4443541516834307,0.38727283477783203,9.995363235473633,ok,
kropt,22444,5612,6,18,0.5719885958660014,0.557786099585558,1.2420926079131205,0.5556895732879639,77.45637512207031,ok,
