dataset_id,n_train,n_test,n_features,n_classes,accuracy,f1_weighted,logloss,fit_seconds,predict_seconds,status,error
dabetes_130-us_hospitals,81412,20354,20,2,0.614866856637516,0.5959005649494739,0.6676153312473366,11.675219058990479,115.14370656013489,ok,
allbp,3017,755,29,3,0.9655629139072848,0.9556559289637586,0.12088519040539787,0.2853584289550781,1.249786138534546,ok,
bank,36168,9043,16,2,0.8833351763795201,0.8289473619105115,0.2743250936923022,0.5322272777557373,25.175629138946533,ok,
kc1,1687,422,21,2,0.8649289099526066,0.8308569425393248,0.33827226843061015,0.2532358169555664,0.6194653511047363,ok,
kr-vs-k,22444,5612,6,18,0.38471133285816106,0.34019366518555977,1.6458574624446014,0.29880261421203613,28.374149799346924,ok,
okcupid_stem,21341,5336,13,3,0.7218890554722639,0.60780581169586,0.6510757491583823,0.39731884002685547,10.014174461364746,ok,
ringnorm,5920,1480,20,2,0.972972972972973,0.9729645781214268,0.10370844095078015,0.2807636260986328,2.0887765884399414,ok,
spambase,3680,921,57,2,0.8707926167209555,0.8654248872348292,0.3359048450324737,0.32451677322387695,2.4051389694213867,ok,
texture,4400,1100,40,11,0.9754545454545455,0.9756186284896747,0.11435788174960873,0.3053278923034668,6.410364389419556,ok,
