dataset_id,n_train,n_test,n_features,n_classes,accuracy,f1_weighted,logloss,fit_seconds,predict_seconds,status,error
Credit_c,80000,20000,22,3,0.54255,0.42713656954875084,0.8620139300300595,12.651575088500977,127.5171434879303,ok,
delta_ailerons,5703,1426,5,2,0.9004207573632539,0.9002313715790015,0.30259915146461996,0.4888596534729004,2.099348783493042,ok,
dna,2548,638,180,3,0.8275862068965517,0.8204948670190904,0.7751829677796301,0.5540282726287842,5.621429681777954,ok,
drug_consumption,1507,377,12,7,0.33156498673740054,0.2632109662744522,1.5420422146551498,0.35517215728759766,1.1850218772888184,ok,
eeg-eye-state,11984,2996,14,2,0.6338451268357811,0.581126597092134,0.6178358106732387,0.3784916400909424,32.741008043289185,ok,
internet_usage,8086,2022,70,46,0.3496538081107814,0.22165127361885964,2.67682481583799,0.7202572822570801,120.9165849685669,ok,
