dataset_id,n_train,n_test,n_features,n_classes,accuracy,f1_weighted,logloss,fit_seconds,predict_seconds,status,error
customer_satisfaction_in_airline,103904,25976,21,2,0.9057591623036649,0.9058427996535328,0.24505537546970743,14.440146446228027,241.16430616378784,ok,
led7,2560,640,7,10,0.7328125,0.7267070546650085,0.7996208351747004,1.9554846286773682,6.758893013000488,ok,
madeline,2512,628,259,2,0.5031847133757962,0.3921954452151713,0.6924137665477961,0.7473134994506836,38.06555771827698,ok,
naticusdroid+android+permissions+dataset,23465,5867,86,2,0.9662519175046872,0.9662509233039718,0.10493398737437805,1.030003547668457,30.803779125213623,ok,
