dataset_id,n_train,n_test,n_features,n_classes,accuracy,f1_weighted,logloss,fit_seconds,predict_seconds,status,error
customer_satisfaction_in_airline,103904,25976,21,2,0.910378811210348,0.9104673718545304,0.2173182001558152,11.75547170639038,179.91392350196838,ok,
ozone-level-8hr,2027,507,72,2,0.9447731755424064,0.926615391422586,0.1452419081054978,0.3758549690246582,1.5877296924591064,ok,
pc4,1166,292,37,2,0.8904109589041096,0.8685588220204197,0.20790504666784243,0.30428433418273926,0.5931341648101807,ok,
pol,8065,2017,26,2,0.9514129895884977,0.9514093348133783,0.13851364872201163,0.35498571395874023,3.478356122970581,ok,
splice,2552,638,60,3,0.835423197492163,0.8287096279856906,0.47884761546028654,0.3964576721191406,1.7810492515563965,ok,
telco-customer-churn,5634,1409,18,2,0.8026969481902059,0.7901077385761245,0.42745422952396567,0.32028889656066895,1.900808572769165,ok,
twonorm,5920,1480,20,2,0.9790540540540541,0.9790540636166706,0.06762445484554183,0.3202695846557617,2.0825858116149902,ok,
waveform_database_generator,3999,1000,21,3,0.341,0.26973910864028805,1.0985396671851924,0.3091146945953369,1.4326329231262207,ok,
yeast,1187,297,8,10,0.6127946127946128,0.6059924713579684,1.06625489722402,0.2794976234436035,0.31292033195495605,ok,
