dataset_id,n_train,n_test,n_features,n_classes,accuracy,f1_weighted,logloss,fit_seconds,predict_seconds,status,error
customer_satisfaction_in_airline,103904,25976,21,2,0.8947874961502926,0.8949696302383654,0.27719228913601063,12.26141619682312,180.06406664848328,ok,
one-hundred-plants-texture,1279,320,64,100,0.759375,0.7363877442002442,2.2563230630301794,0.5015196800231934,4.487325191497803,ok,
pc4,1166,292,37,2,0.8732876712328768,0.8174100323057274,0.2623617841058917,0.4440326690673828,0.5989923477172852,ok,
qsar,844,211,40,2,0.8530805687203792,0.8496890233903495,0.3406423484561581,0.38153600692749023,0.48041558265686035,ok,
ringnorm,5920,1480,20,2,0.975,0.9749950332464209,0.07458146969812064,0.39388012886047363,2.0797014236450195,ok,
spambase,3680,921,57,2,0.9131378935939196,0.9115830393230675,0.2510347048060885,0.39826273918151855,2.4164021015167236,ok,
texture,4400,1100,40,11,0.95,0.9500046176363098,0.20221028624750154,0.7455687522888184,38.59717679023743,ok,
