dataset_id,n_train,n_test,n_features,n_classes,accuracy,f1_weighted,logloss,fit_seconds,predict_seconds,status,error
customer_satisfaction_in_airline,103904,25976,21,2,0.8839313212195873,0.8840863421206278,0.3022312270733646,12.03340220451355,235.4925012588501,ok,
one-hundred-plants-shape,1280,320,64,100,0.596875,0.5736498397435897,1.6258859067286344,0.558302640914917,27.30750799179077,ok,
