dataset_id,n_train,n_test,n_features,n_classes,accuracy,f1_weighted,logloss,fit_seconds,predict_seconds,status,error
customer_satisfaction_in_airline,103904,25976,21,2,0.9000615953187557,0.900236502931677,0.253396647979871,11.738999128341675,179.25657844543457,ok,
online_shoppers,9864,2466,14,2,0.8933495539334956,0.8790133685365946,0.2575109750558319,0.35712146759033203,3.2786340713500977,ok,
phoneme,4323,1081,5,2,0.849213691026827,0.8488602820722855,0.33436261099915476,0.2714214324951172,0.6349377632141113,ok,
ringnorm,5920,1480,20,2,0.972972972972973,0.9729631948146921,0.10156569126212549,0.32565999031066895,2.088872194290161,ok,
spambase,3680,921,57,2,0.9174809989142236,0.9165607628853285,0.23262588663896883,0.33878588676452637,2.398376941680908,ok,
texture,4400,1100,40,11,0.9763636363636363,0.9763758170270979,0.08520974050420761,0.3142280578613281,6.248756170272827,ok,
