dataset_id,n_train,n_test,n_features,n_classes,accuracy,f1_weighted,logloss,fit_seconds,predict_seconds,status,error
customer_satisfaction_in_airline,103904,25976,21,2,0.8934785956267324,0.8937166989435097,0.2682625493643749,12.2082040309906,177.0998294353485,ok,
online_shoppers,9864,2466,14,2,0.8771289537712895,0.8467469063019507,0.2775730114273931,0.3588099479675293,3.2762293815612793,ok,
pc4,1166,292,37,2,0.8835616438356164,0.8350961703521185,0.2571686312318365,0.30483078956604004,0.5921826362609863,ok,
predict_students_dropout_and_academic_success,3539,885,34,3,0.7333333333333333,0.6596524419613691,0.758085534318912,0.3279561996459961,1.638977289199829,ok,
segment,1848,462,17,7,0.9242424242424242,0.9238242640957354,0.21891841663857942,0.29576563835144043,0.5901384353637695,ok,
shuttle,46400,11600,9,7,0.9964655172413793,0.9951313898428892,0.014986650590704517,0.48165082931518555,35.6756637096405,ok,
