dataset_id,n_train,n_test,n_features,n_classes,accuracy,f1_weighted,logloss,fit_seconds,predict_seconds,status,error
SDSS17,80000,20000,12,3,0.95065,0.9499809974246073,0.18989925469949087,11.676126956939697,203.13287806510925,ok,
internet_usage,8086,2022,70,46,0.4055390702274975,0.2659507278682516,2.162020468478728,0.6558678150177002,76.69639801979065,ok,
twonorm,5920,1480,20,2,0.9783783783783784,0.9783779045585758,0.06254509403802751,0.3424067497253418,2.4346954822540283,ok,
wine,2043,511,4,2,0.7592954990215264,0.7591017730650045,0.5274754578845819,0.40012669563293457,0.22522258758544922,ok,
yeast,1187,297,8,10,0.5993265993265994,0.5818014552269305,1.17270419577999,0.2780942916870117,0.33869075775146484,ok,
