dataset_id,n_train,n_test,n_features,n_classes,accuracy,f1_weighted,logloss,fit_seconds,predict_seconds,status,error
dabetes_130-us_hospitals,81412,20354,20,2,0.5597425567456028,0.48242615798245775,0.6799094915205481,12.05969762802124,117.68305730819702,ok,
bank,36168,9043,16,2,0.8830034280659074,0.8281398136136093,0.3479234887322642,0.6774539947509766,26.257244110107422,ok,
kdd_ipums_la_97-small,4150,1038,20,2,0.7495183044315993,0.7383991438940414,0.471754941452223,0.4053475856781006,1.6294207572937012,ok,
kropt,22444,5612,6,18,0.2540983606557377,0.18180065539983273,2.1921907380587915,0.4659285545349121,67.53884935379028,ok,
