dataset_id,n_train,n_test,n_features,n_classes,accuracy,f1_weighted,logloss,fit_seconds,predict_seconds,status,error
customer_satisfaction_in_airline,103904,25976,21,2,0.8934785956267324,0.8937166989435097,0.2682625493643749,11.759155750274658,177.22546243667603,ok,
online_shoppers,9864,2466,14,2,0.8771289537712895,0.8467469063019507,0.2775730114273931,0.33284521102905273,3.277690887451172,ok,
pc3,1250,313,37,2,0.8977635782747604,0.8493992104215747,0.2742540405575765,0.2746238708496094,0.6556529998779297,ok,
pol,8065,2017,26,2,0.9072880515617253,0.9066519885913173,0.2726625808163965,0.31602931022644043,3.4511101245880127,ok,
shuttle,46400,11600,9,7,0.9964655172413793,0.9951313898428892,0.014986650590704517,0.43483972549438477,35.62287616729736,ok,
