dataset_id,n_train,n_test,n_features,n_classes,accuracy,f1_weighted,logloss,fit_seconds,predict_seconds,status,error
SDSS17,80000,20000,12,3,0.93745,0.9359364989304951,0.2099804417952393,11.79146957397461,106.1283791065216,ok,
KDDCup09_upselling,4102,1026,49,2,0.7641325536062378,0.7640428936894884,0.5099070380165089,0.49164676666259766,4.383665323257446,ok,
PieChart3,861,216,37,2,0.875,0.8166666666666667,0.3093668942189808,0.3148937225341797,5.6749351024627686,ok,
allrep,3017,755,29,4,0.9682119205298013,0.9535683047428644,0.09182305419564028,0.3780338764190674,7.481378555297852,ok,
drug_consumption,1507,377,12,7,0.40318302387267907,0.23169686059980046,1.5176406134963927,0.3514256477355957,4.7938055992126465,ok,
first-order-theorem-proving,4894,1224,51,6,0.6070261437908496,0.5736991862665314,1.1627127654119074,0.39334988594055176,19.368298768997192,ok,
kropt,22444,5612,6,18,0.5440128296507484,0.528518267109889,1.3204374640474423,0.4196641445159912,60.192055463790894,ok,
rl,3976,994,12,2,0.6710261569416499,0.6695246897199625,0.6059976821364454,0.3458895683288574,2.4640958309173584,ok,
semeion,1274,319,256,10,0.8401253918495298,0.8395274174390761,0.6402570596215115,0.7327206134796143,27.03412652015686,ok,
