dataset_id,n_train,n_test,n_features,n_classes,accuracy,f1_weighted,logloss,fit_seconds,predict_seconds,status,error
Credit_c,80000,20000,22,3,0.65275,0.6370183796211802,0.762061306864454,12.6372389793396,171.54677391052246,ok,
ada,3317,830,48,2,0.8337349397590361,0.8211347426283683,0.350514936316141,0.5000529289245605,3.497612714767456,ok,
autoUniv-au4-2500,2000,500,100,3,0.47,0.3005442176870749,0.91290632461393,0.4537694454193115,2.2446508407592773,ok,
compass,13315,3329,17,2,0.6993091018323822,0.6993087762397527,0.5847948129584868,0.4318885803222656,5.623556852340698,ok,
dna,2548,638,180,3,0.9075235109717869,0.9059110502396692,0.34614138074968587,0.556412935256958,10.797917366027832,ok,
golf_play_dataset_extended,876,219,9,2,0.863013698630137,0.8550355858268921,0.2595154295508573,0.3486967086791992,1.015580177307129,ok,
heloc,8000,2000,22,2,0.718,0.7175251597936131,0.5638446699470626,0.4530932903289795,13.448477983474731,ok,
internet_usage,8086,2022,70,46,0.4208704253214639,0.2766398628860583,2.0418791328690094,0.5800516605377197,69.06747674942017,ok,
waveform_database_generator,3999,1000,21,3,0.332,0.29849370881130466,1.0988052266611361,0.4157102108001709,3.38516902923584,ok,
