dataset_id,n_train,n_test,n_features,n_classes,accuracy,f1_weighted,logloss,fit_seconds,predict_seconds,status,error
dabetes_130-us_hospitals,81412,20354,20,2,0.6028299105826864,0.575648260476919,0.6651870984638786,12.290497064590454,186.72618460655212,ok,
electricity,36249,9063,8,2,0.7870462319320314,0.7820233694421965,0.4573573628673789,0.6200206279754639,71.64589071273804,ok,
one-hundred-plants-texture,1279,320,64,100,0.784375,0.7666524621212121,1.8784116412760639,0.40197134017944336,14.44775652885437,ok,
sports_articles_for_objectivity_analysis,800,200,59,2,0.83,0.8289234632601813,0.43214064505323274,0.3709847927093506,2.306246519088745,ok,
texture,4400,1100,40,11,0.9472727272727273,0.9469134116909483,0.20372486280476906,0.392535924911499,48.88389277458191,ok,
