dataset_id,n_train,n_test,n_features,n_classes,accuracy,f1_weighted,logloss,fit_seconds,predict_seconds,status,error
customer_satisfaction_in_airline,103904,25976,21,2,0.9225053895903911,0.9225611909748328,0.20910334912641798,12.187997102737427,179.75262308120728,ok,
pendigits,8793,2199,16,10,0.9940882219190541,0.994092683140189,0.02768148588950991,0.3587658405303955,2.9836206436157227,ok,
semeion,1274,319,256,10,0.9090909090909091,0.9098084679685519,0.5317186521644395,0.5227923393249512,3.1444919109344482,ok,
thyroid-ann,3017,755,21,3,0.976158940397351,0.9743487424859305,0.04926096574923288,0.31894445419311523,1.1094493865966797,ok,
twonorm,5920,1480,20,2,0.977027027027027,0.977027027027027,0.0801254669789551,0.33193397521972656,2.0833702087402344,ok,
waveform_database_generator,3999,1000,21,3,0.326,0.22797232182001706,1.098838329683058,0.32373666763305664,1.4339501857757568,ok,
yeast,1187,297,8,10,0.6060606060606061,0.5969700555598586,1.0550908305701823,0.29347777366638184,0.3150322437286377,ok,
