dataset_id,n_train,n_test,n_features,n_classes,accuracy,f1_weighted,logloss,fit_seconds,predict_seconds,status,error
customer_satisfaction_in_airline,103904,25976,21,2,0.8985217123498614,0.898570909757714,0.28716038656782655,11.852504253387451,177.0559003353119,ok,
optdigits,4496,1124,64,10,0.958185053380783,0.9583039762491891,0.4463612102425089,0.412111759185791,3.1680569648742676,ok,
qsar,844,211,40,2,0.8815165876777251,0.8798897151688737,0.310344629813595,0.2820756435394287,0.5004804134368896,ok,
rl,3976,994,12,2,0.6599597585513078,0.6552648320302079,0.6398099663366928,0.2668898105621338,1.1020474433898926,ok,
seismic+bumps,2067,517,18,2,0.9342359767891683,0.9024719535783365,0.22592761096425854,0.26430749893188477,0.657135009765625,ok,
spambase,3680,921,57,2,0.9229098805646037,0.9222323628903902,0.26826805012848726,0.329634428024292,2.3987393379211426,ok,
texture,4400,1100,40,11,0.9836363636363636,0.9836210675129871,0.09715243541128042,0.31977248191833496,6.79607367515564,ok,
