dataset_id,n_train,n_test,n_features,n_classes,accuracy,f1_weighted,logloss,fit_seconds,predict_seconds,status,error
customer_satisfaction_in_airline,103904,25976,21,2,0.8934785956267324,0.8937166989435097,0.2682625493643749,11.69751262664795,180.37061834335327,ok,
predict_students_dropout_and_academic_success,3539,885,34,3,0.7333333333333333,0.6596524419613691,0.758085534318912,0.3357095718383789,1.6686005592346191,ok,
segment,1848,462,17,7,0.9242424242424242,0.9238242640957354,0.21891841663857942,0.2867739200592041,0.5814669132232666,ok,
shuttle,46400,11600,9,7,0.9964655172413793,0.9951313898428892,0.014986650590704517,0.47182631492614746,36.386130809783936,ok,
