dataset_id,n_train,n_test,n_features,n_classes,accuracy,f1_weighted,logloss,fit_seconds,predict_seconds,status,error
customer_satisfaction_in_airline,103904,25976,21,2,0.9205420388050508,0.9206130091657586,0.20870758930421204,12.14227294921875,179.8118598461151,ok,
pendigits,8793,2199,16,10,0.9936334697589814,0.9936357786817318,0.027090913691303314,0.34732961654663086,2.986110210418701,ok,
semeion,1274,319,256,10,0.9028213166144201,0.9025253064364951,0.5876752742684074,0.4920198917388916,3.145819902420044,ok,
thyroid-ann,3017,755,21,3,0.9801324503311258,0.9789430097447347,0.04524331477503903,0.28951430320739746,1.1088216304779053,ok,
twonorm,5920,1480,20,2,0.9763513513513513,0.9763511894032199,0.0779675496407828,0.2987830638885498,2.088831663131714,ok,
waveform_database_generator,3999,1000,21,3,0.338,0.1748393775001614,1.0987828797446322,0.2772343158721924,1.4374642372131348,ok,
yeast,1187,297,8,10,0.5959595959595959,0.5854178385763561,1.045967062082817,0.2457261085510254,0.3068697452545166,ok,
