dataset_id,n_train,n_test,n_features,n_classes,accuracy,f1_weighted,logloss,fit_seconds,predict_seconds,status,error
customer_satisfaction_in_airline,103904,25976,21,2,0.8859716661533723,0.886172400603759,0.2833888629596392,11.857831478118896,179.81594371795654,ok,
ozone-level-8hr,2027,507,72,2,0.9368836291913215,0.9063538164274496,0.18421346955420834,0.4514894485473633,1.5846455097198486,ok,
pol,8065,2017,26,2,0.9568666336142786,0.9568664215667274,0.13345015817632233,0.3539280891418457,3.4647812843322754,ok,
sports_articles_for_objectivity_analysis,800,200,59,2,0.825,0.8235863523097566,0.42627336964082363,0.32648396492004395,0.5782022476196289,ok,
steel_plates_faults,1552,389,27,7,0.6683804627249358,0.6277001560333928,0.8078419423444367,0.2915358543395996,0.6423969268798828,ok,
taiwanese_bankruptcy_prediction,5455,1364,95,2,0.967741935483871,0.9518773135906928,0.09628247232005432,0.4869575500488281,5.377216339111328,ok,
wine,2043,511,4,2,0.7397260273972602,0.7397260273972602,0.5466161776268387,0.28507518768310547,0.2110307216644287,ok,
wine-quality-red,1279,320,4,6,0.61875,0.5884176123393219,0.9455864978449305,0.2635824680328369,0.302323579788208,ok,
