dataset_id,n_train,n_test,n_features,n_classes,accuracy,f1_weighted,logloss,fit_seconds,predict_seconds,status,error
customer_satisfaction_in_airline,103904,25976,21,2,0.9210425007699414,0.9210592059526764,0.20402642817670755,11.957705736160278,177.98822593688965,ok,
page-blocks,4378,1095,10,5,0.9771689497716894,0.9766394967890911,0.0976840461274918,0.34095311164855957,1.157116413116455,ok,
pc4,1166,292,37,2,0.8801369863013698,0.8429306577144374,0.2257761711819396,0.33234500885009766,0.5969486236572266,ok,
predict_students_dropout_and_academic_success,3539,885,34,3,0.7333333333333333,0.6592461925290182,0.6966606907747965,0.355665922164917,1.6515836715698242,ok,
segment,1848,462,17,7,0.9285714285714286,0.9284006232837837,0.1712664001241613,0.31146836280822754,0.5845451354980469,ok,
shuttle,46400,11600,9,7,0.9978448275862069,0.9973643332501165,0.005847403044089181,0.5093600749969482,35.77487349510193,ok,
