dataset_id,n_train,n_test,n_features,n_classes,accuracy,f1_weighted,logloss,fit_seconds,predict_seconds,status,error
customer_satisfaction_in_airline,103904,25976,21,2,0.9201955651370496,0.9202840299675522,0.20178301841968121,11.665319204330444,178.36158657073975,ok,
online_shoppers,9864,2466,14,2,0.8949716139497161,0.8772243985040465,0.2581926652193995,0.36230969429016113,3.283628463745117,ok,
pc4,1166,292,37,2,0.8904109589041096,0.8654671846248212,0.21062887489697696,0.3222057819366455,0.5971662998199463,ok,
predict_students_dropout_and_academic_success,3539,885,34,3,0.7480225988700565,0.6871574874405607,0.6214459593768213,0.34156084060668945,1.6481859683990479,ok,
satimage,5144,1286,36,6,0.9097978227060654,0.9042712164740446,0.22498080017215194,0.36252498626708984,2.489823341369629,ok,
steel_plates_faults,1552,389,27,7,0.7712082262210797,0.7709783748195213,0.5302338841978766,0.30617570877075195,0.6442408561706543,ok,
taiwanese_bankruptcy_prediction,5455,1364,95,2,0.967741935483871,0.9518773135906928,0.09577445794459992,0.5241525173187256,5.361583709716797,ok,
website_phishing,1082,271,9,3,0.9114391143911439,0.9107919004597972,0.2743329591403755,0.30519819259643555,0.2995922565460205,ok,
wine-quality-red,1279,320,4,6,0.590625,0.5698112768675848,0.9546151484666066,0.29729318618774414,0.30534839630126953,ok,
