dataset_id,n_train,n_test,n_features,n_classes,accuracy,f1_weighted,logloss,fit_seconds,predict_seconds,status,error
customer_satisfaction_in_airline,103904,25976,21,2,0.8985602094240838,0.8986562415855093,0.2677240616784193,12.324804306030273,184.86944341659546,ok,
semeion,1274,319,256,10,0.786833855799373,0.7861607535661893,0.774994915342944,0.6406240463256836,3.3712167739868164,ok,
thyroid,5760,1440,21,3,0.9458333333333333,0.9268686567746122,0.11951978134207314,0.4170112609863281,2.148832321166992,ok,
water_quality,6396,1600,20,2,0.889375,0.8554430456820136,0.24563234604062992,0.33159875869750977,4.302706003189087,ok,
