dataset_id,n_train,n_test,n_features,n_classes,accuracy,f1_weighted,logloss,fit_seconds,predict_seconds,status,error
dabetes_130-us_hospitals,81412,20354,20,2,0.6023386066620812,0.5737009282409157,0.6649579301040108,12.064039945602417,144.3860559463501,ok,
jm1,8708,2177,21,2,0.8116674322462104,0.751980855991155,0.4465754629991251,0.5528066158294678,9.651687622070312,ok,
led24,2560,640,24,10,0.734375,0.729424388747545,0.8700033362070776,0.3930513858795166,1.8317949771881104,ok,
led7,2560,640,7,10,0.734375,0.7311656030953884,0.8175567886733631,0.3414454460144043,0.5628089904785156,ok,
letter,16000,4000,15,26,0.873,0.8731736377911821,0.5566495761433767,0.4295082092285156,22.158555507659912,ok,
one-hundred-plants-margin,1280,320,64,100,0.7625,0.7519570707070706,1.7558790332726795,0.3797929286956787,54.53764986991882,ok,
wall-robot-navigation,4364,1092,24,4,0.9514652014652014,0.9514667537408731,0.14436829496542747,0.5455660820007324,4.761500835418701,ok,
