dataset_id,n_train,n_test,n_features,n_classes,accuracy,f1_weighted,logloss,fit_seconds,predict_seconds,status,error
SDSS17,80000,20000,12,3,0.9292,0.9286890207425866,0.22412473010002815,12.209732294082642,146.85687971115112,ok,
jungle_chess_2pcs_raw_endgame_complete,35855,8964,6,3,0.7780008924587238,0.7526672050730826,0.5300756989502491,0.4944295883178711,32.871309995651245,ok,
one-hundred-plants-margin,1280,320,64,100,0.721875,0.7091804202741703,1.8047543316575623,0.39462971687316895,6.120863914489746,ok,
pc1,887,222,21,2,0.9414414414414415,0.9199428109746336,0.1751010598356787,0.32862067222595215,0.8827507495880127,ok,
phoneme,4323,1081,5,2,0.8519888991674376,0.8488932571131593,0.3497082881967625,0.28923845291137695,0.819143533706665,ok,
rice_cammeo_and_osmancik,3048,762,7,2,0.916010498687664,0.915832505805488,0.21680087494939723,0.3129608631134033,0.8089163303375244,ok,
rl,3976,994,12,2,0.6921529175050302,0.6907054215323791,0.5916416811524284,0.29563164710998535,1.2998631000518799,ok,
shuttle,46400,11600,9,7,0.9982758620689656,0.998037257445274,0.0054079723266030645,0.5661647319793701,38.05095171928406,ok,
