dataset_id,n_train,n_test,n_features,n_classes,accuracy,f1_weighted,logloss,fit_seconds,predict_seconds,status,error
customer_satisfaction_in_airline,103904,25976,21,2,0.897405297197413,0.8975727675270921,0.27212129187931317,12.533291816711426,180.95727944374084,ok,
mozilla4,12436,3109,4,2,0.9163718237375362,0.9159111591143099,0.2344680381410019,0.45586252212524414,1.743302583694458,ok,
one-hundred-plants-texture,1279,320,64,100,0.7375,0.7164348845598846,2.327934786948435,0.4433438777923584,4.215478181838989,ok,
ozone-level-8hr,2027,507,72,2,0.9368836291913215,0.9063538164274496,0.1725136874031429,0.4580976963043213,1.5890569686889648,ok,
pc3,1250,313,37,2,0.8977635782747604,0.8493992104215747,0.2739360078249961,0.342832088470459,0.6531720161437988,ok,
predict_students_dropout_and_academic_success,3539,885,34,3,0.7231638418079096,0.6536513643753471,0.6782767338254,0.3460981845855713,1.6562795639038086,ok,
segment,1848,462,17,7,0.9134199134199135,0.9135113485457522,0.23492061226670077,0.3086526393890381,0.5867669582366943,ok,
shuttle,46400,11600,9,7,0.9967241379310345,0.9957711533542283,0.008988953191536529,0.5761916637420654,35.93867492675781,ok,
