dataset_id,n_train,n_test,n_features,n_classes,accuracy,f1_weighted,logloss,fit_seconds,predict_seconds,status,error
customer_satisfaction_in_airline,103904,25976,21,2,0.9020634431783184,0.9022387942168333,0.24720132671152453,12.690635681152344,179.93004035949707,ok,
one-hundred-plants-margin,1280,320,64,100,0.765625,0.7588657869907871,1.874283620746557,0.4970247745513916,4.410137414932251,ok,
online_shoppers,9864,2466,14,2,0.8734793187347932,0.8400857593186473,0.29612415691161587,0.43297266960144043,3.2905428409576416,ok,
pc3,1250,313,37,2,0.9009584664536742,0.8570277336016067,0.2703982039204629,0.35100674629211426,0.6407439708709717,ok,
qsar,844,211,40,2,0.8625592417061612,0.8600490714971887,0.2987650754614588,0.35003662109375,0.49537229537963867,ok,
ringnorm,5920,1480,20,2,0.972972972972973,0.9729658624686248,0.08218498676560491,0.3244166374206543,2.092252492904663,ok,
shuttle,46400,11600,9,7,0.9975862068965518,0.9968295177893572,0.007960332992442991,0.47731518745422363,36.309590578079224,ok,
