dataset_id,n_train,n_test,n_features,n_classes,accuracy,f1_weighted,logloss,fit_seconds,predict_seconds,status,error
customer_satisfaction_in_airline,103904,25976,21,2,0.9206960271019402,0.9207196619642288,0.2022509236904567,12.04602336883545,179.9110496044159,ok,
phoneme,4323,1081,5,2,0.8741905642923219,0.873591479232237,0.2855399590472172,0.32022738456726074,0.6475725173950195,ok,
rice_cammeo_and_osmancik,3048,762,7,2,0.926509186351706,0.9263534425798021,0.2002039638532815,0.27745676040649414,0.683708906173706,ok,
satimage,5144,1286,36,6,0.9035769828926905,0.8971086882070783,0.22892422264050621,0.3437671661376953,2.511718273162842,ok,
statlog,800,200,20,2,0.76,0.7343873517786561,0.5049274512531585,0.28362107276916504,0.31809377670288086,ok,
sylvine,4099,1025,20,2,0.9287804878048781,0.9287756067890418,0.18243417840763787,0.30231380462646484,1.4424221515655518,ok,
thyroid-ann,3017,755,21,3,0.9814569536423841,0.9805438326298894,0.04067055320681683,0.29128193855285645,1.1138603687286377,ok,
twonorm,5920,1480,20,2,0.9797297297297297,0.9797297297297297,0.07154757260392017,0.30915355682373047,2.093935012817383,ok,
waveform-5000,4000,1000,40,3,0.839,0.8382841340067636,0.4280940444577682,0.34695959091186523,2.0698084831237793,ok,
