dataset_id,n_train,n_test,n_features,n_classes,accuracy,f1_weighted,logloss,fit_seconds,predict_seconds,status,error
Credit_c,80000,20000,22,3,0.64395,0.633250971072411,0.7814267906154414,12.746768712997437,173.7847716808319,ok,
first-order-theorem-proving,4894,1224,51,6,0.5857843137254902,0.5445831875132799,1.185890589732741,0.6295487880706787,30.062312602996826,ok,
kc1,1687,422,21,2,0.8649289099526066,0.8284112191673388,0.34214541860420083,0.3260204792022705,14.368193864822388,ok,
led24,2560,640,24,10,0.725,0.7203203671991881,0.8618876931415376,0.3271446228027344,15.176381587982178,ok,
madeline,2512,628,259,2,0.5159235668789809,0.38423072358270366,0.6924313825808454,0.6314671039581299,31.51781177520752,ok,
ringnorm,5920,1480,20,2,0.9777027027027027,0.9776999025260833,0.07398467867973223,0.34528660774230957,2.459608316421509,ok,
splice,2552,638,60,3,0.8181818181818182,0.8043676943431054,0.44018655358002906,0.3883230686187744,3.1922943592071533,ok,
thyroid,5760,1440,21,3,0.9548611111111112,0.9437246864620751,0.10321041422213525,0.3165395259857178,5.740843296051025,ok,
waveform_database_generator,3999,1000,21,3,0.338,0.25354114945742645,1.09856254783472,0.3398458957672119,3.9742465019226074,ok,
