dataset_id,n_train,n_test,n_features,n_classes,accuracy,f1_weighted,logloss,fit_seconds,predict_seconds,status,error
customer_satisfaction_in_airline,103904,25976,21,2,0.8934785956267324,0.8937166989435097,0.2682625493643749,11.587719202041626,176.6366515159607,ok,
optdigits,4496,1124,64,10,0.943950177935943,0.9439002685360176,0.5706902870690669,0.409299373626709,3.152921438217163,ok,
predict_students_dropout_and_academic_success,3539,885,34,3,0.7333333333333333,0.6596524419613691,0.758085534318912,0.2862558364868164,1.642606258392334,ok,
segment,1848,462,17,7,0.9242424242424242,0.9238242640957354,0.21891841663857942,0.25214529037475586,0.5833578109741211,ok,
semeion,1274,319,256,10,0.890282131661442,0.8908451424417267,0.8273046540670005,0.4728872776031494,3.1274948120117188,ok,
thyroid-ann,3017,755,21,3,0.9721854304635762,0.9694880911081754,0.05897155616936975,0.2781369686126709,1.107943058013916,ok,
turiye_student_evaluation,4656,1164,32,5,0.4029209621993127,0.32798114604539147,1.4137440742720158,0.29473233222961426,2.073551654815674,ok,
waveform-5000,4000,1000,40,3,0.79,0.7825578529657475,0.5413117531166104,0.29839324951171875,2.033247947692871,ok,
