dataset_id,n_train,n_test,n_features,n_classes,accuracy,f1_weighted,logloss,fit_seconds,predict_seconds,status,error
dabetes_130-us_hospitals,81412,20354,20,2,0.5993907831384494,0.5665808534578389,0.668411509950965,11.741705656051636,194.52409839630127,ok,
kropt,22444,5612,6,18,0.4994654312188168,0.48298767425950656,1.4073785019402953,0.5137941837310791,78.29397368431091,ok,
