dataset_id,n_train,n_test,n_features,n_classes,accuracy,f1_weighted,logloss,fit_seconds,predict_seconds,status,error
customer_satisfaction_in_airline,103904,25976,21,2,0.8934785956267324,0.8937166989435097,0.2682625493643749,11.755205154418945,181.68374943733215,ok,
ringnorm,5920,1480,20,2,0.972972972972973,0.9729645781214268,0.10370844095078015,0.34023308753967285,2.093644618988037,ok,
splice,2552,638,60,3,0.7115987460815048,0.6386280322005573,0.6610171214053362,0.3543250560760498,1.7908449172973633,ok,
telco-customer-churn,5634,1409,18,2,0.7913413768630234,0.7950145235664021,0.44287103072429784,0.2997608184814453,1.9091777801513672,ok,
turiye_student_evaluation,4656,1164,32,5,0.4029209621993127,0.32798114604539147,1.4137440742720158,0.29686546325683594,2.0890703201293945,ok,
waveform-5000,4000,1000,40,3,0.79,0.7825578529657475,0.5413117531166104,0.3040909767150879,2.0433292388916016,ok,
