dataset_id,n_train,n_test,n_features,n_classes,accuracy,f1_weighted,logloss,fit_seconds,predict_seconds,status,error
customer_satisfaction_in_airline,103904,25976,21,2,0.8314598090545119,0.8318336976410349,0.36777143543526397,11.70336651802063,178.72755789756775,ok,
pc1,887,222,21,2,0.9324324324324325,0.8998298998298998,0.2037587755676233,0.3038606643676758,0.36022400856018066,ok,
pc3,1250,313,37,2,0.8977635782747604,0.8493992104215747,0.27465288647452313,0.2827630043029785,0.6556470394134521,ok,
pol,8065,2017,26,2,0.9147248388696083,0.9147245873377734,0.21333111780606065,0.3106107711791992,3.452511787414551,ok,
sports_articles_for_objectivity_analysis,800,200,59,2,0.83,0.8269696969696969,0.41983503289726687,0.30236244201660156,0.5728402137756348,ok,
steel_plates_faults,1552,389,27,7,0.6529562982005142,0.6148112109098602,0.9112767687758728,0.2594141960144043,0.649930477142334,ok,
taiwanese_bankruptcy_prediction,5455,1364,95,2,0.967741935483871,0.9518773135906928,0.1045206291394958,0.4539768695831299,5.3444273471832275,ok,
wine,2043,511,4,2,0.7142857142857143,0.7139505231610495,0.5600985415880237,0.253462553024292,0.20909738540649414,ok,
wine-quality-white,3918,980,11,7,0.5071428571428571,0.42332866630138977,1.1674817072156396,0.25588035583496094,1.0691571235656738,ok,
