dataset_id,n_train,n_test,n_features,n_classes,accuracy,f1_weighted,logloss,fit_seconds,predict_seconds,status,error
customer_satisfaction_in_airline,103904,25976,21,2,0.7348321527563905,0.7314425992875566,0.5624345840762165,12.925801515579224,178.95305943489075,ok,
national-longitudinal-survey-binary,3926,982,16,2,0.6945010183299389,0.6534281988834882,0.5427610461926458,0.455951452255249,1.2382237911224365,ok,
one-hundred-plants-margin,1280,320,64,100,0.396875,0.36304273911475005,4.044079406395926,0.3556973934173584,4.1631364822387695,ok,
optdigits,4496,1124,64,10,0.7793594306049823,0.7758212713985478,1.9222105651159112,0.43227362632751465,3.14932918548584,ok,
pendigits,8793,2199,16,10,0.3797180536607549,0.3293487273980527,2.108679121851789,0.3533360958099365,2.9685449600219727,ok,
segment,1848,462,17,7,0.5995670995670995,0.5852257571967155,1.3286371135997277,0.2991974353790283,0.5932652950286865,ok,
shuttle,46400,11600,9,7,0.8226724137931034,0.7655518672557512,0.3947421695145737,0.48232316970825195,36.06648087501526,ok,
