dataset_id,n_train,n_test,n_features,n_classes,accuracy,f1_weighted,logloss,fit_seconds,predict_seconds,status,error
customer_satisfaction_in_airline,103904,25976,21,2,0.8934785956267324,0.8937166989435097,0.2682625493643749,11.774327754974365,178.53893876075745,ok,
page-blocks,4378,1095,10,5,0.9689497716894977,0.9678805052821846,0.107028763423547,0.3167543411254883,1.151179313659668,ok,
pendigits,8793,2199,16,10,0.9877216916780355,0.9876995445304716,0.05455452629487188,0.33087754249572754,2.9594132900238037,ok,
shuttle,46400,11600,9,7,0.9964655172413793,0.9951313898428892,0.014986650590704517,0.47466444969177246,35.77140712738037,ok,
