dataset_id,n_train,n_test,n_features,n_classes,accuracy,f1_weighted,logloss,fit_seconds,predict_seconds,status,error
customer_satisfaction_in_airline,103904,25976,21,2,0.8934785956267324,0.8937166989435097,0.2682625493643749,11.952505826950073,178.23059749603271,ok,
ozone-level-8hr,2027,507,72,2,0.9368836291913215,0.9063538164274496,0.18920775848682853,0.3707740306854248,1.5971870422363281,ok,
pol,8065,2017,26,2,0.9072880515617253,0.9066519885913173,0.2726625808163965,0.36174559593200684,3.4634485244750977,ok,
splice,2552,638,60,3,0.7115987460815048,0.6386280322005573,0.6610171215379449,0.3950161933898926,1.7811219692230225,ok,
telco-customer-churn,5634,1409,18,2,0.7913413768630234,0.7950145235664021,0.44287103072429784,0.34051012992858887,1.8959169387817383,ok,
vehicle,676,170,18,4,0.8176470588235294,0.8140951343500362,0.3657903368649659,0.2921106815338135,0.28319239616394043,ok,
wall-robot-navigation,4364,1092,24,4,0.9267399267399268,0.9266513295296789,0.2627993486341694,0.3284928798675537,1.6439645290374756,ok,
waveform_database_generator_version_1,4000,1000,21,3,0.859,0.8580716313632547,0.34067790466117737,0.3183724880218506,1.416851282119751,ok,
