dataset_id,n_train,n_test,n_features,n_classes,accuracy,f1_weighted,logloss,fit_seconds,predict_seconds,status,error
Credit_c,80000,20000,22,3,0.55475,0.44966427308632345,0.8380131481170345,13.130866289138794,196.65337896347046,ok,
madeline,2512,628,259,2,0.5015923566878981,0.40834744472071693,0.6935388290257841,0.7695291042327881,37.05271601676941,ok,
phoneme,4323,1081,5,2,0.8418131359851989,0.8289612725603702,0.35344319423436776,0.3484945297241211,9.816257238388062,ok,
thyroid-dis,2240,560,26,5,0.6142857142857143,0.5316362974959629,0.9105709948205907,0.40448737144470215,1.6642448902130127,ok,
vehicle,676,170,18,4,0.5764705882352941,0.5605976300299915,0.8717858067099309,0.30405616760253906,0.4051966667175293,ok,
water_quality,6396,1600,20,2,0.88625,0.8363286923229069,0.271275143160495,0.3239285945892334,2.4653730392456055,ok,
