dataset_id,n_train,n_test,n_features,n_classes,accuracy,f1_weighted,logloss,fit_seconds,predict_seconds,status,error
customer_satisfaction_in_airline,103904,25976,21,2,0.8487834924545734,0.8491053842998856,0.3646549713015026,13.25875473022461,248.63828778266907,ok,
waveform_database_generator_version_1,4000,1000,21,3,0.755,0.7491592895053928,0.7956195863142957,0.48923802375793457,3.419335126876831,ok,
