dataset_id,n_train,n_test,n_features,n_classes,accuracy,f1_weighted,logloss,fit_seconds,predict_seconds,status,error
Amazon_employee_access,26215,6554,7,2,0.9421727189502593,0.9141199684999374,0.2180684711657604,11.94255018234253,24.462501764297485,ok,
Bank_Customer_Churn_Dataset,8000,2000,10,2,0.8015,0.7188826743373106,0.449707122091897,0.4445946216583252,2.5748255252838135,ok,
Basketball_c,1072,268,11,2,0.6492537313432836,0.6320435898707333,0.61239912903562,0.37729382514953613,0.3210301399230957,ok,
California-Housing-Classification,16512,4128,8,2,0.7357073643410853,0.7353485489369592,0.5872881278829418,0.37458252906799316,5.9486916065216064,ok,
Cardiovascular-Disease-dataset,56000,14000,11,2,0.6590714285714285,0.6560369789471217,0.6262407818360828,0.5652196407318115,102.13589000701904,ok,
FOREX_cadjpy-day-High,1467,367,10,2,0.5313351498637602,0.5307010656924489,0.69932108537691,0.3438069820404053,1.0796585083007812,ok,
FOREX_cadjpy-hour-High,35060,8765,10,2,0.523559612093554,0.4979690696411797,0.6906212546365766,0.4831380844116211,88.96245050430298,ok,
internet_usage,8086,2022,70,46,0.2888229475766568,0.13440703102424167,2.793177701439792,0.8172240257263184,97.30391669273376,ok,
