dataset_id,n_train,n_test,n_features,n_classes,accuracy,f1_weighted,logloss,fit_seconds,predict_seconds,status,error
customer_satisfaction_in_airline,103904,25976,21,2,0.8752309824453341,0.8752414301798783,0.3090477435892943,12.416747570037842,180.88385796546936,ok,
pc4,1166,292,37,2,0.8732876712328768,0.8235148538780561,0.2752286688711333,0.46477270126342773,0.5916032791137695,ok,
qsar,844,211,40,2,0.8388625592417062,0.8347364898945759,0.3575377799201944,0.4127671718597412,0.4788374900817871,ok,
rl,3976,994,12,2,0.6549295774647887,0.6507296484677126,0.613441422796561,0.3980698585510254,1.0808894634246826,ok,
semeion,1274,319,256,10,0.774294670846395,0.7707576780078861,0.8690023153583494,0.6283886432647705,3.1421520709991455,ok,
thyroid,5760,1440,21,3,0.9402777777777778,0.9148996727679344,0.17262248202531413,0.4241156578063965,2.0506367683410645,ok,
water_quality,6396,1600,20,2,0.8875,0.8434513354733209,0.2545645771610483,0.41611504554748535,2.0777175426483154,ok,
wine,2043,511,4,2,0.7436399217221135,0.742948932165965,0.5254286231299179,0.38335680961608887,0.20850777626037598,ok,
wine-quality-white,3918,980,11,7,0.6244897959183674,0.5865161657039558,0.9791388818330818,0.39643359184265137,1.0663762092590332,ok,
