dataset_id,n_train,n_test,n_features,n_classes,accuracy,f1_weighted,logloss,fit_seconds,predict_seconds,status,error
customer_satisfaction_in_airline,103904,25976,21,2,0.9064521096396674,0.9065291960472137,0.2426678739895254,11.87203335762024,177.77967262268066,ok,
optdigits,4496,1124,64,10,0.9741992882562278,0.9742572284816109,0.23968390775164702,0.43709874153137207,3.1686840057373047,ok,
qsar,844,211,40,2,0.8815165876777251,0.8793526478424041,0.29850005594194373,0.28272438049316406,0.49593043327331543,ok,
rl,3976,994,12,2,0.6740442655935613,0.6708447802197802,0.5993110252533607,0.26186633110046387,1.1013784408569336,ok,
seismic+bumps,2067,517,18,2,0.9342359767891683,0.9024719535783365,0.22725257676294255,0.2633686065673828,0.6588954925537109,ok,
splice,2552,638,60,3,0.8087774294670846,0.7980963730814359,0.5575346286894656,0.3544645309448242,1.7830164432525635,ok,
telco-customer-churn,5634,1409,18,2,0.7977288857345636,0.7776416821891335,0.4287127751920557,0.31453990936279297,1.9052708148956299,ok,
turiye_student_evaluation,4656,1164,32,5,0.4845360824742268,0.36794552742772535,1.328748897609723,0.3075244426727295,2.0928494930267334,ok,
waveform-5000,4000,1000,40,3,0.853,0.8527204619087017,0.40585649254354295,0.310516357421875,2.0435025691986084,ok,
