dataset_id,n_train,n_test,n_features,n_classes,accuracy,f1_weighted,logloss,fit_seconds,predict_seconds,status,error
customer_satisfaction_in_airline,103904,25976,21,2,0.8976362796427472,0.897802194495171,0.2559610299215831,12.35609245300293,180.8021218776703,ok,
page-blocks,4378,1095,10,5,0.9671232876712329,0.9654716022756068,0.11623381462524612,0.4090287685394287,1.1575286388397217,ok,
phoneme,4323,1081,5,2,0.883441258094357,0.8830000121914096,0.28317825484238185,0.35887861251831055,0.6419024467468262,ok,
ringnorm,5920,1480,20,2,0.9682432432432433,0.9682325811371,0.08939244989439113,0.39513158798217773,2.088749647140503,ok,
spambase,3680,921,57,2,0.9196525515743756,0.9184650425291288,0.22146915686408195,0.4313802719116211,2.394627332687378,ok,
texture,4400,1100,40,11,0.98,0.9800735585189744,0.08934326521590273,0.420795202255249,6.774789094924927,ok,
