dataset_id,n_train,n_test,n_features,n_classes,accuracy,f1_weighted,logloss,fit_seconds,predict_seconds,status,error
customer_satisfaction_in_airline,103904,25976,21,2,0.6460963966738528,0.6371574063483965,0.6381306956712715,12.503683090209961,178.2452847957611,ok,
page-blocks,4378,1095,10,5,0.897716894977169,0.849331768780132,0.4466981569670479,0.42577385902404785,1.1576299667358398,ok,
phoneme,4323,1081,5,2,0.7067530064754857,0.585321731108153,0.5832161739337974,0.3621373176574707,0.6410243511199951,ok,
rice_cammeo_and_osmancik,3048,762,7,2,0.8753280839895013,0.8758382094081406,0.3414486537450003,0.36084508895874023,0.6807522773742676,ok,
satimage,5144,1286,36,6,0.5318818040435459,0.42581950533331636,1.2905706810993236,0.43107008934020996,2.4880356788635254,ok,
steel_plates_faults,1552,389,27,7,0.35218508997429304,0.19353275102851875,1.5846192735862927,0.3838984966278076,0.6435909271240234,ok,
telco-customer-churn,5634,1409,18,2,0.7345635202271115,0.6221548636948121,0.5682448605656955,0.4200272560119629,1.8994479179382324,ok,
turiye_student_evaluation,4656,1164,32,5,0.35309278350515466,0.26023545609236637,1.4971490979521842,0.43099474906921387,2.083658218383789,ok,
waveform-5000,4000,1000,40,3,0.614,0.6107400356506238,1.0419774255841425,0.42698025703430176,2.043552875518799,ok,
