dataset_id,n_train,n_test,n_features,n_classes,accuracy,f1_weighted,logloss,fit_seconds,predict_seconds,status,error
customer_satisfaction_in_airline,103904,25976,21,2,0.8934785956267324,0.8937166989435097,0.2682625493643749,11.615143299102783,181.67504286766052,ok,
pc1,887,222,21,2,0.9324324324324325,0.8998298998298998,0.1904568492695894,0.30867815017700195,0.36046862602233887,ok,
pendigits,8793,2199,16,10,0.9877216916780355,0.9876995445304716,0.05455452629487188,0.33301830291748047,2.9827358722686768,ok,
shuttle,46400,11600,9,7,0.9964655172413793,0.9951313898428892,0.014986650590704517,0.4839742183685303,36.64270639419556,ok,
