dataset_id,n_train,n_test,n_features,n_classes,accuracy,f1_weighted,logloss,fit_seconds,predict_seconds,status,error
customer_satisfaction_in_airline,103904,25976,21,2,0.8294194641207269,0.8295866203631116,0.4027654258353019,12.594700813293457,180.44860816001892,ok,
page-blocks,4378,1095,10,5,0.9525114155251142,0.9454371387836006,0.1556216507483239,0.4164736270904541,1.1743931770324707,ok,
pol,8065,2017,26,2,0.9072880515617253,0.9070883971124073,0.2786949931176456,0.45664310455322266,3.4859232902526855,ok,
sports_articles_for_objectivity_analysis,800,200,59,2,0.81,0.8087968118790261,0.44854007374008376,0.4233548641204834,0.5669944286346436,ok,
steel_plates_faults,1552,389,27,7,0.5912596401028277,0.5347583094636845,0.998745931949009,0.39800429344177246,0.6424181461334229,ok,
telco-customer-churn,5634,1409,18,2,0.7799858055358411,0.7583274992399679,0.4486099985958352,0.4357612133026123,1.9041838645935059,ok,
turiye_student_evaluation,4656,1164,32,5,0.46649484536082475,0.39945806463631695,1.3245249549101477,0.43573713302612305,2.0973262786865234,ok,
waveform-5000,4000,1000,40,3,0.726,0.7247477946047575,0.967538973533904,0.4424927234649658,2.0445358753204346,ok,
