dataset_id,n_train,n_test,n_features,n_classes,accuracy,f1_weighted,logloss,fit_seconds,predict_seconds,status,error
customer_satisfaction_in_airline,103904,25976,21,2,0.8992146596858639,0.8994062554797797,0.2530035984063676,14.493511199951172,234.71631789207458,ok,
internet_firewall,52425,13107,7,4,0.8023193713282979,0.733586257735013,0.2930418616230882,0.5703067779541016,46.34269595146179,ok,
optdigits,4496,1124,64,10,0.9279359430604982,0.9281049390798197,0.4593396783866987,0.51216721534729,3.160507917404175,ok,
predict_students_dropout_and_academic_success,3539,885,34,3,0.7073446327683616,0.6389555668169999,0.741221487618794,0.4314298629760742,1.640354871749878,ok,
satimage,5144,1286,36,6,0.8849144634525661,0.881520845068761,0.30830183149655216,0.456296443939209,2.4850659370422363,ok,
steel_plates_faults,1552,389,27,7,0.7095115681233933,0.698287013223858,0.7219331302582495,0.4245138168334961,0.6377115249633789,ok,
taiwanese_bankruptcy_prediction,5455,1364,95,2,0.969208211143695,0.9553921891619681,0.09636215393518105,0.6025512218475342,5.346083164215088,ok,
waveform_database_generator,3999,1000,21,3,0.333,0.2093797769196228,1.098954273369312,0.4226686954498291,1.4276072978973389,ok,
yeast,1187,297,8,10,0.5656565656565656,0.5551451920711062,1.2075526778075223,0.39722561836242676,0.30734777450561523,ok,
