dataset_id,n_train,n_test,n_features,n_classes,accuracy,f1_weighted,logloss,fit_seconds,predict_seconds,status,error
customer_satisfaction_in_airline,103904,25976,21,2,0.8999846011703111,0.9000828838594445,0.25632580256589793,12.709126949310303,211.3229465484619,ok,
mammography,8946,2237,6,2,0.9852481001341081,0.9827070204718272,0.03976474338052295,0.5275309085845947,9.129627466201782,ok,
mfeat-fourier,1600,400,76,10,0.7225,0.7176578795333064,1.171264042337669,0.4744300842285156,12.001087427139282,ok,
one-hundred-plants-texture,1279,320,64,100,0.7875,0.769392812049062,1.8916490184140184,0.49072766304016113,7.407671213150024,ok,
optdigits,4496,1124,64,10,0.9733096085409253,0.9733038881380535,0.1261340463820224,0.46189332008361816,3.778855562210083,ok,
pol,8065,2017,26,2,0.9623202776400595,0.9623198886393273,0.10749285204358022,0.3760640621185303,13.664740085601807,ok,
telco-customer-churn,5634,1409,18,2,0.7927608232789212,0.7806999385023604,0.4332830763694848,0.3614065647125244,17.436161994934082,ok,
waveform_database_generator_version_1,4000,1000,21,3,0.784,0.7814675701424214,0.5261514483554267,0.5020856857299805,8.6863534450531,ok,
