dataset_id,n_train,n_test,n_features,n_classes,accuracy,f1_weighted,logloss,fit_seconds,predict_seconds,status,error
customer_satisfaction_in_airline,103904,25976,21,2,0.9285879273175238,0.9286246287018711,0.1860593170134933,12.164613485336304,179.96937227249146,ok,
pc1,887,222,21,2,0.9324324324324325,0.8998298998298998,0.1817679273359344,0.43034815788269043,0.3658721446990967,ok,
phoneme,4323,1081,5,2,0.8556891766882516,0.8536536897092347,0.3335101145357693,0.39278531074523926,0.643651008605957,ok,
rice_cammeo_and_osmancik,3048,762,7,2,0.9238845144356955,0.9236875527012743,0.20137791310888528,0.39450526237487793,0.678692102432251,ok,
satimage,5144,1286,36,6,0.8942457231726283,0.886187490532037,0.2587372556987439,0.4610474109649658,2.4965834617614746,ok,
steel_plates_faults,1552,389,27,7,0.7660668380462725,0.7610786764013546,0.5805588796100576,0.41535043716430664,0.6430602073669434,ok,
telco-customer-churn,5634,1409,18,2,0.7955997161107168,0.783704048933835,0.42835476199948264,0.4515876770019531,1.9090287685394287,ok,
turiye_student_evaluation,4656,1164,32,5,0.4742268041237113,0.3567838169327081,1.3122595934955057,0.4507167339324951,2.086460590362549,ok,
waveform-5000,4000,1000,40,3,0.846,0.8458794467479566,0.3965262128682064,0.4582705497741699,2.053691864013672,ok,
