dataset_id,n_train,n_test,n_features,n_classes,accuracy,f1_weighted,logloss,fit_seconds,predict_seconds,status,error
customer_satisfaction_in_airline,103904,25976,21,2,0.8934785956267324,0.8937166989435097,0.2682625493643749,11.845410346984863,179.7658703327179,ok,
pc3,1250,313,37,2,0.8977635782747604,0.8493992104215747,0.2742540405575765,0.3201136589050293,0.6467273235321045,ok,
pol,8065,2017,26,2,0.9072880515617253,0.9066519885913173,0.2726625808163965,0.35656213760375977,3.4735307693481445,ok,
sports_articles_for_objectivity_analysis,800,200,59,2,0.825,0.8198600981866682,0.4334306605810201,0.32816314697265625,0.565854549407959,ok,
steel_plates_faults,1552,389,27,7,0.7480719794344473,0.7411973138504475,0.6304959107068853,0.28238868713378906,0.6469638347625732,ok,
telco-customer-churn,5634,1409,18,2,0.7913413768630234,0.7950145235664021,0.44287103072429784,0.3001978397369385,1.9036436080932617,ok,
twonorm,5920,1480,20,2,0.9790540540540541,0.9790540636166706,0.09251742198626303,0.2875328063964844,2.101332187652588,ok,
waveform_database_generator,3999,1000,21,3,0.342,0.2757652199624611,1.100042962969318,0.2781648635864258,1.4442648887634277,ok,
yeast,1187,297,8,10,0.5993265993265994,0.5827533558976062,1.0691539344551053,0.2404649257659912,0.31509923934936523,ok,
