dataset_id,n_train,n_test,n_features,n_classes,accuracy,f1_weighted,logloss,fit_seconds,predict_seconds,status,error
customer_satisfaction_in_airline,103904,25976,21,2,0.9166538343085926,0.916731338831339,0.2225918730920452,12.25877857208252,182.03344774246216,ok,
rl,3976,994,12,2,0.6780684104627767,0.6737774860518543,0.5862978064800983,0.2960677146911621,1.093132495880127,ok,
semeion,1274,319,256,10,0.8934169278996865,0.8930346665381658,0.5500353719705586,0.48564863204956055,3.154663562774658,ok,
thyroid-ann,3017,755,21,3,0.976158940397351,0.9743487424859305,0.05405495199565645,0.28156614303588867,1.1153569221496582,ok,
turiye_student_evaluation,4656,1164,32,5,0.47079037800687284,0.35536581073748735,1.3390226243474075,0.2970101833343506,2.0918939113616943,ok,
waveform-5000,4000,1000,40,3,0.845,0.8444229805148638,0.39972193232746156,0.3041224479675293,2.0509231090545654,ok,
