dataset_id,n_train,n_test,n_features,n_classes,accuracy,f1_weighted,logloss,fit_seconds,predict_seconds,status,error
customer_satisfaction_in_airline,103904,25976,21,2,0.8677240529719741,0.8678785086504065,0.34145534357188917,11.987329721450806,180.3542492389679,ok,
pc3,1250,313,37,2,0.8977635782747604,0.8493992104215747,0.2719195737947967,0.40205836296081543,0.6580171585083008,ok,
pol,8065,2017,26,2,0.8953891918691126,0.8953888833033654,0.2834094659011845,0.41603565216064453,3.482158899307251,ok,
splice,2552,638,60,3,0.6990595611285266,0.6646349456417533,0.6320305576075946,0.46085238456726074,1.77632737159729,ok,
texture,4400,1100,40,11,0.9436363636363636,0.9434110916891638,0.24766830120209915,0.4211304187774658,6.449981689453125,ok,
