dataset_id,n_train,n_test,n_features,n_classes,accuracy,f1_weighted,logloss,fit_seconds,predict_seconds,status,error
customer_satisfaction_in_airline,103904,25976,21,2,0.8715737603942101,0.871643473171512,0.3369360889530847,12.196442127227783,180.04287672042847,ok,
pc1,887,222,21,2,0.9414414414414415,0.9199428109746336,0.17450430942781428,0.4357025623321533,0.35736703872680664,ok,
pc3,1250,313,37,2,0.8977635782747604,0.8493992104215747,0.2755586166753163,0.3430812358856201,0.6360180377960205,ok,
predict_students_dropout_and_academic_success,3539,885,34,3,0.7186440677966102,0.6453193770906356,0.7104801944927343,0.3589928150177002,1.6381347179412842,ok,
segment,1848,462,17,7,0.9134199134199135,0.9130079127753274,0.26103595845435984,0.3020787239074707,0.5760297775268555,ok,
spambase,3680,921,57,2,0.9120521172638436,0.9109151010397778,0.24717460349952672,0.3594989776611328,2.3987624645233154,ok,
texture,4400,1100,40,11,0.9554545454545454,0.95525923388007,0.21410358558294576,0.35140180587768555,6.39264988899231,ok,
