dataset_id,n_train,n_test,n_features,n_classes,accuracy,f1_weighted,logloss,fit_seconds,predict_seconds,status,error
customer_satisfaction_in_airline,103904,25976,21,2,0.8750769941484448,0.8750672674099442,0.31387406630832887,11.76091980934143,179.34412622451782,ok,
ozone-level-8hr,2027,507,72,2,0.9368836291913215,0.9063538164274496,0.18004038317560608,0.464693546295166,1.587367296218872,ok,
pol,8065,2017,26,2,0.9008428358948934,0.9007987979062907,0.25625462547999384,0.4089851379394531,3.4686806201934814,ok,
sports_articles_for_objectivity_analysis,800,200,59,2,0.82,0.8188601375696036,0.44733917255574546,0.3289053440093994,0.5812087059020996,ok,
steel_plates_faults,1552,389,27,7,0.6375321336760925,0.5868546103224986,0.8628175942556836,0.2883164882659912,0.6521034240722656,ok,
taiwanese_bankruptcy_prediction,5455,1364,95,2,0.968475073313783,0.9536657863061864,0.09721196472210777,0.4873201847076416,5.355090856552124,ok,
wine,2043,511,4,2,0.7475538160469667,0.7468733759496908,0.5189411120042033,0.27845239639282227,0.21087265014648438,ok,
wine-quality-white,3918,980,11,7,0.6,0.5448833517239734,1.002951747364701,0.2810401916503906,1.0647625923156738,ok,
