dataset_id,n_train,n_test,n_features,n_classes,accuracy,f1_weighted,logloss,fit_seconds,predict_seconds,status,error
Credit_c,80000,20000,22,3,0.6658,0.6565231753168546,0.7378080560529016,12.8972008228302,157.51835584640503,ok,
electricity,36249,9063,8,2,0.7831843760344257,0.779428670629716,0.46258653606062194,0.6621367931365967,81.68803453445435,ok,
rice_cammeo_and_osmancik,3048,762,7,2,0.9173228346456693,0.9172390528722729,0.21030012337811885,0.4231700897216797,3.0252559185028076,ok,
splice,2552,638,60,3,0.8134796238244514,0.8051287508498188,0.4568413284569239,0.43889307975769043,25.23119568824768,ok,
