dataset_id,n_train,n_test,n_features,n_classes,accuracy,f1_weighted,logloss,fit_seconds,predict_seconds,status,error
customer_satisfaction_in_airline,103904,25976,21,2,0.8934785956267324,0.8937166989435097,0.2682625493643749,11.855259656906128,181.9394235610962,ok,
satimage,5144,1286,36,6,0.890357698289269,0.8834835824401805,0.2845660386893642,0.37757372856140137,2.5048270225524902,ok,
statlog,800,200,20,2,0.74,0.7150883048254764,0.5171160866035378,0.2857522964477539,0.311708927154541,ok,
sylvine,4099,1025,20,2,0.9258536585365854,0.9258367172552152,0.21830408877652474,0.3165605068206787,1.4266130924224854,ok,
thyroid-ann,3017,755,21,3,0.9721854304635762,0.9694880911081754,0.05897155616936975,0.3061833381652832,1.1158638000488281,ok,
twonorm,5920,1480,20,2,0.9790540540540541,0.9790540636166706,0.09251742198626303,0.3265047073364258,2.0925512313842773,ok,
waveform_database_generator,3999,1000,21,3,0.342,0.2757652199624611,1.100042962969318,0.31820249557495117,1.435389757156372,ok,
yeast,1187,297,8,10,0.5993265993265994,0.5827533558976062,1.0691539344551053,0.2874460220336914,0.3115870952606201,ok,
