dataset_id,n_train,n_test,n_features,n_classes,accuracy,f1_weighted,logloss,fit_seconds,predict_seconds,status,error
customer_satisfaction_in_airline,103904,25976,21,2,0.8934785956267324,0.8937166989435097,0.2682625493643749,11.83078122138977,179.0335283279419,ok,
page-blocks,4378,1095,10,5,0.9689497716894977,0.9678805052821846,0.107028763423547,0.31520891189575195,1.1531310081481934,ok,
pol,8065,2017,26,2,0.9072880515617253,0.9066519885913173,0.27266258078203226,0.3565242290496826,3.4742088317871094,ok,
sports_articles_for_objectivity_analysis,800,200,59,2,0.825,0.8198600981866682,0.4334306605810201,0.328934907913208,0.5634493827819824,ok,
steel_plates_faults,1552,389,27,7,0.7480719794344473,0.7411973138504475,0.6304959107068853,0.3037731647491455,0.6456136703491211,ok,
telco-customer-churn,5634,1409,18,2,0.7913413768630234,0.7950145235664021,0.44287103072429784,0.345874547958374,1.9003336429595947,ok,
turiye_student_evaluation,4656,1164,32,5,0.4029209621993127,0.32798114604539147,1.4137440742720158,0.34118032455444336,2.0901219844818115,ok,
waveform-5000,4000,1000,40,3,0.79,0.7825578529657475,0.5413117531166104,0.3331260681152344,2.0475621223449707,ok,
