dataset_id,n_train,n_test,n_features,n_classes,accuracy,f1_weighted,logloss,fit_seconds,predict_seconds,status,error
customer_satisfaction_in_airline,103904,25976,21,2,0.6720819217739452,0.6550848761834114,0.5899039618507429,12.027324676513672,179.65419697761536,ok,
pc3,1250,313,37,2,0.8977635782747604,0.8493992104215747,0.31364489989009287,0.34531402587890625,0.6483941078186035,ok,
phoneme,4323,1081,5,2,0.7067530064754857,0.585321731108153,0.5740053585852369,0.2987031936645508,0.6419086456298828,ok,
rice_cammeo_and_osmancik,3048,762,7,2,0.8582677165354331,0.8588347246948187,0.3431694526864556,0.29915571212768555,0.6782271862030029,ok,
rl,3976,994,12,2,0.5553319919517102,0.5514898343358119,0.6855096730593129,0.3089613914489746,1.0850110054016113,ok,
shuttle,46400,11600,9,7,0.9201724137931034,0.9135212587558695,0.18550253954110638,0.4937777519226074,36.13058614730835,ok,
