dataset_id,n_train,n_test,n_features,n_classes,accuracy,f1_weighted,logloss,fit_seconds,predict_seconds,status,error
customer_satisfaction_in_airline,103904,25976,21,2,0.9126501385894672,0.9127130364241905,0.23011153906833398,11.908697605133057,180.186940908432,ok,
pc1,887,222,21,2,0.9324324324324325,0.8998298998298998,0.17815834976794198,0.2943115234375,0.35869359970092773,ok,
phoneme,4323,1081,5,2,0.8575393154486587,0.8575393154486587,0.3135614036346288,0.2661857604980469,0.6366214752197266,ok,
ringnorm,5920,1480,20,2,0.9668918918918918,0.9668790209001151,0.11868133588513004,0.28589367866516113,2.0859007835388184,ok,
shuttle,46400,11600,9,7,0.9962931034482758,0.9948102120300347,0.013735887569725705,0.4355015754699707,36.07606554031372,ok,
