dataset_id,n_train,n_test,n_features,n_classes,accuracy,f1_weighted,logloss,fit_seconds,predict_seconds,status,error
customer_satisfaction_in_airline,103904,25976,21,2,0.8934785956267324,0.8937166989435097,0.2682625493643749,11.987781286239624,178.56422328948975,ok,
pc1,887,222,21,2,0.9324324324324325,0.8998298998298998,0.1904568492695894,0.31456661224365234,0.36655521392822266,ok,
pc3,1250,313,37,2,0.8977635782747604,0.8493992104215747,0.2742540405575765,0.3347508907318115,0.6453771591186523,ok,
phoneme,4323,1081,5,2,0.8427382053654024,0.8427382053654024,0.3464593279802833,0.30168795585632324,0.6420714855194092,ok,
predict_students_dropout_and_academic_success,3539,885,34,3,0.7333333333333333,0.6596524419613691,0.758085534318912,0.3448495864868164,1.6453933715820312,ok,
segment,1848,462,17,7,0.9242424242424242,0.9238242640957354,0.21891841663857942,0.310302734375,0.5826156139373779,ok,
shuttle,46400,11600,9,7,0.9964655172413793,0.9951313898428892,0.014986650590704517,0.49935269355773926,35.86149001121521,ok,
