dataset_id,n_train,n_test,n_features,n_classes,accuracy,f1_weighted,logloss,fit_seconds,predict_seconds,status,error
customer_satisfaction_in_airline,103904,25976,21,2,0.9076070218663381,0.9076144252569923,0.24156805719022253,12.230721235275269,176.57681512832642,ok,
online_shoppers,9864,2466,14,2,0.8978102189781022,0.884382631756881,0.2545110928237542,0.38582372665405273,3.265559673309326,ok,
pc1,887,222,21,2,0.9324324324324325,0.8998298998298998,0.1802142008153195,0.3058338165283203,0.359752893447876,ok,
pendigits,8793,2199,16,10,0.9890859481582538,0.9890658862889113,0.04604995404395718,0.35748839378356934,2.946800708770752,ok,
semeion,1274,319,256,10,0.8871473354231975,0.888505552557803,0.6574363938579344,0.5279586315155029,3.1310486793518066,ok,
thyroid,5760,1440,21,3,0.9666666666666667,0.9616910572514816,0.06679372814026124,0.3355734348297119,2.0446126461029053,ok,
wall-robot-navigation,4364,1092,24,4,0.9413919413919414,0.9414979516802868,0.18378948541989668,0.3303489685058594,1.638383388519287,ok,
waveform_database_generator_version_1,4000,1000,21,3,0.846,0.8436100585546681,0.35172899234239324,0.29849910736083984,1.4059088230133057,ok,
