dataset_id,n_train,n_test,n_features,n_classes,accuracy,f1_weighted,logloss,fit_seconds,predict_seconds,status,error
customer_satisfaction_in_airline,103904,25976,21,2,0.7578149060671389,0.7559806091473754,0.5042965322114717,11.606744766235352,179.68708872795105,ok,
pc4,1166,292,37,2,0.8767123287671232,0.8191180881911808,0.3416857179244839,0.3123183250427246,0.5898809432983398,ok,
qsar,844,211,40,2,0.7109004739336493,0.663855888090021,0.5189622157551541,0.320331335067749,0.4760556221008301,ok,
rl,3976,994,12,2,0.528169014084507,0.5278703599615561,0.6837170429663822,0.29534006118774414,1.0786170959472656,ok,
seismic+bumps,2067,517,18,2,0.9342359767891683,0.9024719535783365,0.2361308400109311,0.2939291000366211,0.6406228542327881,ok,
splice,2552,638,60,3,0.5188087774294671,0.35443902028721075,0.9721948859225871,0.39205074310302734,1.7827236652374268,ok,
telco-customer-churn,5634,1409,18,2,0.7494677075940384,0.7095937782876268,0.49530705926069657,0.3278377056121826,1.911956787109375,ok,
turiye_student_evaluation,4656,1164,32,5,0.37628865979381443,0.27492762221235306,1.4731686827029231,0.3372230529785156,2.0800790786743164,ok,
waveform-5000,4000,1000,40,3,0.576,0.5507963749697911,1.0219842051056913,0.33740711212158203,2.035153865814209,ok,
