dataset_id,n_train,n_test,n_features,n_classes,accuracy,f1_weighted,logloss,fit_seconds,predict_seconds,status,error
SDSS17,80000,20000,12,3,0.9412,0.9401524530450577,0.19803687255420982,12.100570917129517,151.31995296478271,ok,
internet_firewall,52425,13107,7,4,0.8025482566567483,0.7336926768518428,0.3216235373478649,0.5290050506591797,88.10258078575134,ok,
