dataset_id,n_train,n_test,n_features,n_classes,accuracy,f1_weighted,logloss,fit_seconds,predict_seconds,status,error
BLE_RSSI_dataset_for_Indoor_localization,7987,1997,3,3,0.7351026539809714,0.7345547294756323,0.6022186467259723,12.85455846786499,3.4274916648864746,ok,
BNG(breast-w),31492,7874,9,2,0.9823469646939293,0.9823854811089076,0.04590177687301912,0.6644899845123291,37.873960971832275,ok,
Bank_Customer_Churn_Dataset,8000,2000,10,2,0.831,0.7844932611577552,0.39432268721679165,0.46376490592956543,18.148940801620483,ok,
Cardiovascular-Disease-dataset,56000,14000,11,2,0.6937142857142857,0.693711810401206,0.5914295104713169,0.558873176574707,132.85136342048645,ok,
delta_ailerons,5703,1426,5,2,0.9417952314165497,0.9417574595560019,0.1942121802785289,0.3237018585205078,0.8612072467803955,ok,
dna,2548,638,180,3,0.8996865203761756,0.8987067856114083,0.39009405882111414,0.5044674873352051,10.440899848937988,ok,
eye_movements_bin,6086,1522,20,2,0.5486202365308804,0.5485639162505748,0.687321245439237,0.35237812995910645,5.797826766967773,ok,
htru,14318,3580,8,2,0.9807262569832402,0.9802939824665637,0.07195877742393206,0.3783235549926758,17.07282829284668,ok,
kr-vs-k,22444,5612,6,18,0.5693157519600855,0.5561288341163952,1.2733900988050781,0.5389759540557861,82.88268995285034,ok,
