dataset_id,n_train,n_test,n_features,n_classes,accuracy,f1_weighted,logloss,fit_seconds,predict_seconds,status,error
dabetes_130-us_hospitals,81412,20354,20,2,0.614866856637516,0.5959005649494739,0.6676153312473366,11.700945377349854,114.90580487251282,ok,
allbp,3017,755,29,3,0.9655629139072848,0.9556559289637586,0.12088519040539787,0.32612037658691406,1.2480971813201904,ok,
car-evaluation,1382,346,21,4,0.9508670520231214,0.9442598944133974,0.24235366058792163,0.2886624336242676,0.49359774589538574,ok,
compass,13315,3329,17,2,0.6725743466506459,0.6600685807081645,0.612742908218785,0.3980724811553955,5.230892658233643,ok,
electricity,36249,9063,8,2,0.7875979256316893,0.7849918218731721,0.45694425230337,0.48026299476623535,22.997546195983887,ok,
led24,2560,640,24,10,0.75,0.7479970572179209,0.9700927671601249,0.3378763198852539,0.9354712963104248,ok,
led7,2560,640,7,10,0.7296875,0.732358304907808,0.8377531245966701,0.3180859088897705,0.5645139217376709,ok,
letter,16000,4000,15,26,0.8955,0.8965053732704295,0.5761144665075048,0.43047165870666504,20.725081205368042,ok,
naticusdroid+android+permissions+dataset,23465,5867,86,2,0.7537071757286518,0.7389295083807911,0.4922439810141285,0.9416978359222412,25.753830671310425,ok,
