dataset_id,n_train,n_test,n_features,n_classes,accuracy,f1_weighted,logloss,fit_seconds,predict_seconds,status,error
customer_satisfaction_in_airline,103904,25976,21,2,0.7811826301201109,0.7804059807372787,0.46087618421672216,11.787714719772339,181.6041977405548,ok,
satimage,5144,1286,36,6,0.7083981337480559,0.6353887665446871,0.7683871105272624,0.42061471939086914,2.496208667755127,ok,
statlog,800,200,20,2,0.705,0.5880071570191983,0.6001778619221012,0.3106100559234619,0.3133368492126465,ok,
sylvine,4099,1025,20,2,0.8809756097560976,0.8806744213454059,0.39567566581884217,0.3263387680053711,1.4332151412963867,ok,
thyroid-dis,2240,560,26,5,0.6321428571428571,0.5544241439234932,0.9397650243082727,0.31928324699401855,0.8989481925964355,ok,
vehicle,676,170,18,4,0.5588235294117647,0.5351590153641654,1.0593469029107536,0.30524635314941406,0.2817103862762451,ok,
wall-robot-navigation,4364,1092,24,4,0.543040293040293,0.47853025790121073,1.0785506753906906,0.33583903312683105,1.6569116115570068,ok,
waveform_database_generator_version_1,4000,1000,21,3,0.65,0.646143105699414,0.9508261715525443,0.324202299118042,1.4220478534698486,ok,
