dataset_id,n_train,n_test,n_features,n_classes,accuracy,f1_weighted,logloss,fit_seconds,predict_seconds,status,error
customer_satisfaction_in_airline,103904,25976,21,2,0.8934785956267324,0.8937166989435097,0.2682625493643749,11.896028757095337,179.98525643348694,ok,
pendigits,8793,2199,16,10,0.9877216916780355,0.9876995445304716,0.05455452629487188,0.3674163818359375,2.973602533340454,ok,
semeion,1274,319,256,10,0.890282131661442,0.8908451424417267,0.8273046540670005,0.4856431484222412,3.1496834754943848,ok,
thyroid,5760,1440,21,3,0.9777777777777777,0.9761925905896907,0.058594494664537686,0.29655027389526367,2.0650103092193604,ok,
water_quality,6396,1600,20,2,0.89,0.8417244497188551,0.2735850728785338,0.2755768299102783,2.0928642749786377,ok,
website_phishing,1082,271,9,3,0.8856088560885609,0.870512598719507,0.2966810375762015,0.2449054718017578,0.29404425621032715,ok,
wine-quality-red,1279,320,4,6,0.578125,0.5552132381662583,0.965048511778134,0.23998117446899414,0.3014848232269287,ok,
