dataset_id,n_train,n_test,n_features,n_classes,accuracy,f1_weighted,logloss,fit_seconds,predict_seconds,status,error
customer_satisfaction_in_airline,103904,25976,21,2,0.5473129042192794,0.38718919012193637,0.676230507367756,12.184085130691528,175.92645454406738,ok,
online_shoppers,9864,2466,14,2,0.8450932684509327,0.7741425808579093,0.43245839422529414,0.4593076705932617,3.2641870975494385,ok,
phoneme,4323,1081,5,2,0.7067530064754857,0.585321731108153,0.6024424216454077,0.35491061210632324,0.6413557529449463,ok,
ringnorm,5920,1480,20,2,0.825,0.8236839803422837,0.6782595572985812,0.3380105495452881,2.088709831237793,ok,
spambase,3680,921,57,2,0.6058631921824105,0.4571624898414943,0.6677941679845478,0.36939334869384766,2.4043431282043457,ok,
texture,4400,1100,40,11,0.3881818181818182,0.2944329959019296,2.193550637703894,0.3450813293457031,6.811518430709839,ok,
