dataset_id,n_train,n_test,n_features,n_classes,accuracy,f1_weighted,logloss,fit_seconds,predict_seconds,status,error
customer_satisfaction_in_airline,103904,25976,21,2,0.8934785956267324,0.8937166989435097,0.2682625493643749,11.677845001220703,179.3413109779358,ok,
pc1,887,222,21,2,0.9324324324324325,0.8998298998298998,0.1904568492695894,0.31395459175109863,0.3618197441101074,ok,
pc3,1250,313,37,2,0.8977635782747604,0.8493992104215747,0.2742540405575765,0.3039407730102539,0.6422116756439209,ok,
phoneme,4323,1081,5,2,0.8427382053654024,0.8427382053654024,0.3464593279802833,0.29030609130859375,0.639136552810669,ok,
ringnorm,5920,1480,20,2,0.972972972972973,0.9729645781214268,0.10370844095078015,0.3315467834472656,2.0873115062713623,ok,
spambase,3680,921,57,2,0.8707926167209555,0.8654248872348292,0.3359048450324737,0.35271644592285156,2.4034759998321533,ok,
texture,4400,1100,40,11,0.9754545454545455,0.9756186284896747,0.11435788174960873,0.35441040992736816,6.324544668197632,ok,
