dataset_id,n_train,n_test,n_features,n_classes,accuracy,f1_weighted,logloss,fit_seconds,predict_seconds,status,error
customer_satisfaction_in_airline,103904,25976,21,2,0.8816599938404681,0.8817969728625811,0.3177470577092381,11.662564754486084,180.57173824310303,ok,
pc4,1166,292,37,2,0.8732876712328768,0.8174100323057274,0.2573591884936407,0.33482837677001953,0.6080377101898193,ok,
predict_students_dropout_and_academic_success,3539,885,34,3,0.6915254237288135,0.619056504210904,0.8218966293280336,0.3512425422668457,1.6549346446990967,ok,
segment,1848,462,17,7,0.9047619047619048,0.9029643358805826,0.2670314099105388,0.31767702102661133,0.5900640487670898,ok,
spambase,3680,921,57,2,0.9066232356134636,0.9046418063973347,0.2716307644241947,0.38249945640563965,2.41215181350708,ok,
texture,4400,1100,40,11,0.9490909090909091,0.9490056006925598,0.2579167473309137,0.3742055892944336,6.576677560806274,ok,
