dataset_id,n_train,n_test,n_features,n_classes,accuracy,f1_weighted,logloss,fit_seconds,predict_seconds,status,error
Credit_c,80000,20000,22,3,0.6452,0.626571197372077,0.7837358105750875,12.714934349060059,182.3154013156891,ok,
delta_ailerons,5703,1426,5,2,0.94109396914446,0.9410383908219699,0.18827265549433092,0.3995530605316162,1.2213659286499023,ok,
dis,3017,755,29,2,0.9841059602649007,0.9762226014376786,0.07507903805481228,0.3492872714996338,5.211353778839111,ok,
electricity,36249,9063,8,2,0.7971973960057376,0.7945627890069722,0.455251742080937,0.5041861534118652,34.90448617935181,ok,
led24,2560,640,24,10,0.7,0.6958771458502762,0.9165035074736185,0.3308522701263428,1.6280763149261475,ok,
led7,2560,640,7,10,0.734375,0.7286498942700026,0.8046297943674865,0.28439807891845703,1.5669355392456055,ok,
letter,16000,4000,15,26,0.852,0.8522155354898476,0.6439353385348503,0.426560640335083,60.45071816444397,ok,
