dataset_id,n_train,n_test,n_features,n_classes,accuracy,f1_weighted,logloss,fit_seconds,predict_seconds,status,error
customer_satisfaction_in_airline,103904,25976,21,2,0.8934785956267324,0.8937166989435097,0.2682625493643749,11.683601140975952,179.72222352027893,ok,
pendigits,8793,2199,16,10,0.9877216916780355,0.9876995445304716,0.05455452629487188,0.35538172721862793,2.978891611099243,ok,
semeion,1274,319,256,10,0.890282131661442,0.8908451424417267,0.8273046540670005,0.5109219551086426,3.144930362701416,ok,
thyroid,5760,1440,21,3,0.9777777777777777,0.9761925905896907,0.058594494664537686,0.3332815170288086,2.055697441101074,ok,
wall-robot-navigation,4364,1092,24,4,0.9267399267399268,0.9266513295296789,0.2627993486341694,0.3163151741027832,1.6454660892486572,ok,
waveform_database_generator_version_1,4000,1000,21,3,0.859,0.8580716313632547,0.34067790466117737,0.3151710033416748,1.4153831005096436,ok,
