dataset_id,n_train,n_test,n_features,n_classes,accuracy,f1_weighted,logloss,fit_seconds,predict_seconds,status,error
dabetes_130-us_hospitals,81412,20354,20,2,0.563378205758082,0.5277187592444338,0.6796719491424688,11.827481508255005,132.47799515724182,ok,
gas-drift,11128,2782,128,6,0.8292595255212077,0.8238147139342382,1.0013489966510896,1.1543514728546143,18.33430552482605,ok,
kr-vs-k,22444,5612,6,18,0.25784034212401996,0.1891185668374878,2.1764662707607316,0.4006013870239258,69.70304656028748,ok,
