dataset_id,n_train,n_test,n_features,n_classes,accuracy,f1_weighted,logloss,fit_seconds,predict_seconds,status,error
customer_satisfaction_in_airline,103904,25976,21,2,0.8977132737911919,0.8978370794935538,0.28189293359020845,12.318470001220703,248.25263500213623,ok,
mice_protein_expression,864,216,75,8,0.9166666666666666,0.9148672267126758,0.6707853716330232,0.5148813724517822,0.9116570949554443,ok,
mobile_c36_oversampling,41408,10352,6,2,0.9389489953632149,0.9392936950978564,0.1897064906107729,0.529247522354126,23.1729679107666,ok,
segment,1848,462,17,7,0.9025974025974026,0.9018733854696017,0.24518645791442228,0.463409423828125,5.383270502090454,ok,
texture,4400,1100,40,11,0.9490909090909091,0.9489625890602276,0.196878614880557,0.47704362869262695,42.51571822166443,ok,
