dataset_id,n_train,n_test,n_features,n_classes,accuracy,f1_weighted,logloss,fit_seconds,predict_seconds,status,error
customer_satisfaction_in_airline,103904,25976,21,2,0.813674160763782,0.8137372979840665,0.4266120186817929,12.390419483184814,238.30270051956177,ok,
mfeat-karhunen,1600,400,64,10,0.4625,0.4472479721631345,2.1496009033653594,0.5805552005767822,8.49863314628601,ok,
mozilla4,12436,3109,4,2,0.9018977163074944,0.9014244235901058,0.2649811618750376,0.4351816177368164,2.855241060256958,ok,
national-longitudinal-survey-binary,3926,982,16,2,0.745417515274949,0.7299421234922281,0.52409954541098,0.36878085136413574,9.469083786010742,ok,
one-hundred-plants-margin,1280,320,64,100,0.58125,0.5515653183621934,3.183483510373981,0.3664982318878174,8.578914642333984,ok,
one-hundred-plants-texture,1279,320,64,100,0.646875,0.6361552856865357,3.047395819978083,0.4982287883758545,35.44231939315796,ok,
