dataset_id,n_train,n_test,n_features,n_classes,accuracy,f1_weighted,logloss,fit_seconds,predict_seconds,status,error
customer_satisfaction_in_airline,103904,25976,21,2,0.8905913150600554,0.8907658791629329,0.27682536537442887,12.263490676879883,193.286945104599,ok,
rice_cammeo_and_osmancik,3048,762,7,2,0.9212598425196851,0.9210560890013183,0.20853423376567687,0.44930434226989746,0.766185998916626,ok,
satimage,5144,1286,36,6,0.8973561430793157,0.8950309221040751,0.2769135491447066,0.44801783561706543,2.9581336975097656,ok,
steel_plates_faults,1552,389,27,7,0.7300771208226221,0.7244708143716605,0.6603438152547288,0.3437328338623047,1.0031812191009521,ok,
thyroid,5760,1440,21,3,0.9430555555555555,0.9214775064429799,0.13866364315892055,0.33307671546936035,2.2020363807678223,ok,
water_quality,6396,1600,20,2,0.891875,0.8554406163832948,0.24722206794003274,0.3486659526824951,3.3784549236297607,ok,
wine-quality-white,3918,980,11,7,0.6520408163265307,0.6299141920252901,0.9251215783720662,0.3065009117126465,1.0793592929840088,ok,
