dataset_id,n_train,n_test,n_features,n_classes,accuracy,f1_weighted,logloss,fit_seconds,predict_seconds,status,error
customer_satisfaction_in_airline,103904,25976,21,2,0.9220434246997228,0.9221154794588334,0.20337141870694625,11.829526662826538,179.20157051086426,ok,
pc1,887,222,21,2,0.9369369369369369,0.9103782520838596,0.1589414607868961,0.32672119140625,0.3654153347015381,ok,
pendigits,8793,2199,16,10,0.9927239654388358,0.9927298648753584,0.03127105237497554,0.31677937507629395,2.9726033210754395,ok,
semeion,1274,319,256,10,0.9059561128526645,0.9068758315088166,0.4947711421911225,0.49004125595092773,3.144792079925537,ok,
thyroid,5760,1440,21,3,0.9861111111111112,0.9855138359919781,0.04040601187682034,0.30444812774658203,2.057610273361206,ok,
water_quality,6396,1600,20,2,0.886875,0.8366600213690762,0.25967421653720996,0.2807936668395996,2.0806984901428223,ok,
website_phishing,1082,271,9,3,0.915129151291513,0.9145215138787334,0.27443149464624367,0.2511458396911621,0.29790282249450684,ok,
wine-quality-red,1279,320,4,6,0.59375,0.5725036580908519,0.9537029288604382,0.251845121383667,0.3061177730560303,ok,
