dataset_id,n_train,n_test,n_features,n_classes,accuracy,f1_weighted,logloss,fit_seconds,predict_seconds,status,error
customer_satisfaction_in_airline,103904,25976,21,2,0.8934785956267324,0.8937166989435097,0.2682625493643749,12.227077960968018,180.5943341255188,ok,
rice_cammeo_and_osmancik,3048,762,7,2,0.916010498687664,0.916010498687664,0.19905563612941732,0.30364084243774414,0.6829941272735596,ok,
satimage,5144,1286,36,6,0.890357698289269,0.8834835824401805,0.2845660386893642,0.3635244369506836,2.4969563484191895,ok,
statlog,800,200,20,2,0.74,0.7150883048254764,0.5171160866035378,0.2833108901977539,0.31333136558532715,ok,
sylvine,4099,1025,20,2,0.9258536585365854,0.9258367172552152,0.21830408877652474,0.3013606071472168,1.425140380859375,ok,
thyroid-dis,2240,560,26,5,0.6714285714285714,0.6152642252817254,0.8025134596235891,0.2669517993927002,0.9016079902648926,ok,
twonorm,5920,1480,20,2,0.9790540540540541,0.9790540636166706,0.09251742198626303,0.28303980827331543,2.089139938354492,ok,
waveform_database_generator,3999,1000,21,3,0.342,0.2757652199624611,1.100042962969318,0.27303624153137207,1.4487395286560059,ok,
yeast,1187,297,8,10,0.5993265993265994,0.5827533558976062,1.0691539344551053,0.24337553977966309,0.3069131374359131,ok,
