dataset_id,n_train,n_test,n_features,n_classes,accuracy,f1_weighted,logloss,fit_seconds,predict_seconds,status,error
customer_satisfaction_in_airline,103904,25976,21,2,0.9004850631352017,0.9006146996498534,0.24723602511291076,12.181543350219727,239.41838479042053,ok,
kropt,22444,5612,6,18,0.5810762651461154,0.567740294094793,1.3359079436010504,0.52327561378479,42.08501410484314,ok,
rice_cammeo_and_osmancik,3048,762,7,2,0.910761154855643,0.9104870925786867,0.22165963202879216,0.3954458236694336,1.4429957866668701,ok,
segment,1848,462,17,7,0.8809523809523809,0.8786678489785721,0.30317911036218004,0.5292859077453613,1.3854851722717285,ok,
splice,2552,638,60,3,0.8652037617554859,0.8618756126450625,0.40882970742419755,0.4584381580352783,2.334205150604248,ok,
telco-customer-churn,5634,1409,18,2,0.794180269694819,0.7816298891138878,0.43519015218124685,0.39481258392333984,2.045492172241211,ok,
turiye_student_evaluation,4656,1164,32,5,0.4853951890034364,0.38796672636828244,1.2712127564305118,0.3487248420715332,2.1082777976989746,ok,
water_quality,6396,1600,20,2,0.898125,0.8668769290743965,0.2580941426791287,0.32114124298095703,2.102936029434204,ok,
website_phishing,1082,271,9,3,0.8929889298892989,0.891361413380336,0.28795319118904283,0.2911801338195801,0.30155467987060547,ok,
