dataset_id,n_train,n_test,n_features,n_classes,accuracy,f1_weighted,logloss,fit_seconds,predict_seconds,status,error
customer_satisfaction_in_airline,103904,25976,21,2,0.8934785956267324,0.8937166989435097,0.2682625493643749,11.705785989761353,180.90487217903137,ok,
rice_cammeo_and_osmancik,3048,762,7,2,0.916010498687664,0.916010498687664,0.19905563612941732,0.3255116939544678,0.6806886196136475,ok,
satimage,5144,1286,36,6,0.890357698289269,0.8834835824401805,0.2845660386893642,0.3721122741699219,2.4992880821228027,ok,
statlog,800,200,20,2,0.74,0.7150883048254764,0.5171160866035378,0.29167962074279785,0.30927324295043945,ok,
sylvine,4099,1025,20,2,0.9258536585365854,0.9258367172552152,0.21830408877652474,0.33449339866638184,1.4260179996490479,ok,
thyroid-dis,2240,560,26,5,0.6714285714285714,0.6152642252817254,0.8025134596235891,0.3249990940093994,0.891273021697998,ok,
twonorm,5920,1480,20,2,0.9790540540540541,0.9790540636166706,0.09251742198626303,0.3470041751861572,2.092494010925293,ok,
waveform_database_generator,3999,1000,21,3,0.342,0.2757652199624611,1.100042962969318,0.326718807220459,1.4338152408599854,ok,
