dataset_id,n_train,n_test,n_features,n_classes,accuracy,f1_weighted,logloss,fit_seconds,predict_seconds,status,error
customer_satisfaction_in_airline,103904,25976,21,2,0.9154604250076994,0.9155471849361112,0.22432599624906951,12.051437377929688,179.22257018089294,ok,
pc1,887,222,21,2,0.9324324324324325,0.8998298998298998,0.17173493012454358,0.31322407722473145,0.36124610900878906,ok,
pc4,1166,292,37,2,0.8801369863013698,0.8471802170432308,0.21185239160953617,0.28843092918395996,0.5983104705810547,ok,
predict_students_dropout_and_academic_success,3539,885,34,3,0.7457627118644068,0.6812614972652745,0.6363295273521274,0.285203218460083,1.6496005058288574,ok,
segment,1848,462,17,7,0.9177489177489178,0.9168512292681659,0.19445438225106434,0.25470590591430664,0.5822193622589111,ok,
shuttle,46400,11600,9,7,0.9972413793103448,0.9963541059677726,0.01005258741345666,0.4336729049682617,35.94016718864441,ok,
