dataset_id,n_train,n_test,n_features,n_classes,accuracy,f1_weighted,logloss,fit_seconds,predict_seconds,status,error
customer_satisfaction_in_airline,103904,25976,21,2,0.8947489990760702,0.8948034306520714,0.277634881834703,11.91848087310791,182.1218457221985,ok,
satimage,5144,1286,36,6,0.880248833592535,0.8735755532799964,0.273121144931805,0.3562886714935303,2.502667188644409,ok,
statlog,800,200,20,2,0.715,0.6178185993111367,0.5498149357309052,0.280759334564209,0.31121277809143066,ok,
sylvine,4099,1025,20,2,0.9307317073170732,0.930717859316434,0.2591625024866459,0.30707335472106934,1.438934326171875,ok,
thyroid-ann,3017,755,21,3,0.9483443708609272,0.9314153974514806,0.10353402193925594,0.3012816905975342,1.0978553295135498,ok,
twonorm,5920,1480,20,2,0.9695945945945946,0.9695910545220533,0.12160539174406412,0.31833863258361816,2.087682008743286,ok,
waveform_database_generator,3999,1000,21,3,0.333,0.22114477352385267,1.0983396845226892,0.30777955055236816,1.4320242404937744,ok,
yeast,1187,297,8,10,0.6026936026936027,0.5928753558043366,1.048505297397353,0.2782135009765625,0.3145151138305664,ok,
