dataset_id,n_train,n_test,n_features,n_classes,accuracy,f1_weighted,logloss,fit_seconds,predict_seconds,status,error
volkert,46648,11662,180,10,0.48645172354656147,0.3761539131440723,1.4970510739139575,14.83096981048584,121.41323471069336,ok,
drug_consumption,1507,377,12,7,0.40318302387267907,0.23169686059980046,1.5224719067472143,0.2828254699707031,0.42284607887268066,ok,
estimation_of_obesity_levels,1688,423,16,7,0.9314420803782506,0.9322057847626565,0.30838624991085695,0.2927260398864746,0.5341315269470215,ok,
eye_movements,8748,2188,27,3,0.45658135283363804,0.3593214974417254,0.9759568125511839,0.34193968772888184,3.7118079662323,ok,
gina_agnostic,2774,694,970,2,0.6051873198847262,0.5291274418021669,0.6233902002914076,1.850771427154541,32.54267764091492,ok,
mfeat-fourier,1600,400,76,10,0.7725,0.7623296279495694,1.0370061979948912,0.31977033615112305,1.2899229526519775,ok,
mfeat-morphological,1600,400,6,10,0.75,0.7353778212283636,0.5216025565443827,0.24973464012145996,0.34910035133361816,ok,
mfeat-pixel,1600,400,240,10,0.9225,0.9223514595810457,0.5601260964764474,0.5877180099487305,3.6134819984436035,ok,
naticusdroid+android+permissions+dataset,23465,5867,86,2,0.7537071757286518,0.7389295083807911,0.4922439810141285,0.8438522815704346,25.524959564208984,ok,
