dataset_id,n_train,n_test,n_features,n_classes,accuracy,f1_weighted,logloss,fit_seconds,predict_seconds,status,error
customer_satisfaction_in_airline,103904,25976,21,2,0.9086464428703419,0.9087369657709615,0.21079031164184453,12.096612691879272,181.8170006275177,ok,
phoneme,4323,1081,5,2,0.8566142460684552,0.8552798643221853,0.31558144423445483,0.3255038261413574,0.6395034790039062,ok,
ringnorm,5920,1480,20,2,0.9682432432432433,0.9682229996032475,0.08961710821277671,0.3327298164367676,2.087515115737915,ok,
shuttle,46400,11600,9,7,0.9964655172413793,0.995164713012072,0.013666150030396453,0.48593854904174805,36.599905490875244,ok,
