dataset_id,n_train,n_test,n_features,n_classes,accuracy,f1_weighted,logloss,fit_seconds,predict_seconds,status,error
customer_satisfaction_in_airline,103904,25976,21,2,0.8934785956267324,0.8937166989435097,0.2682625493643749,11.686864376068115,179.9344265460968,ok,
phoneme,4323,1081,5,2,0.8427382053654024,0.8427382053654024,0.3464593279802833,0.3015003204345703,0.641960859298706,ok,
ringnorm,5920,1480,20,2,0.972972972972973,0.9729645781214268,0.10370844095078015,0.32361364364624023,2.082556962966919,ok,
splice,2552,638,60,3,0.7115987460815048,0.6386280322005573,0.6610171214053362,0.39153552055358887,1.7791557312011719,ok,
taiwanese_bankruptcy_prediction,5455,1364,95,2,0.967741935483871,0.9518773135906928,0.10221240498250056,0.4827752113342285,5.363269090652466,ok,
website_phishing,1082,271,9,3,0.8856088560885609,0.870512598719507,0.2966810375762015,0.2666440010070801,0.29343080520629883,ok,
wine-quality-red,1279,320,4,6,0.578125,0.5552132381662583,0.965048511778134,0.2368934154510498,0.3017690181732178,ok,
