dataset_id,n_train,n_test,n_features,n_classes,accuracy,f1_weighted,logloss,fit_seconds,predict_seconds,status,error
customer_satisfaction_in_airline,103904,25976,21,2,0.8778102864182322,0.8779152258586191,0.3176840798764404,11.844480514526367,180.32141160964966,ok,
pc1,887,222,21,2,0.9324324324324325,0.8998298998298998,0.19491988811094152,0.4075331687927246,0.3584268093109131,ok,
pc3,1250,313,37,2,0.8977635782747604,0.8493992104215747,0.27490360079317505,0.36292481422424316,0.6408190727233887,ok,
predict_students_dropout_and_academic_success,3539,885,34,3,0.7265536723163842,0.6525154737364943,0.6821541688418457,0.3334348201751709,1.6647734642028809,ok,
segment,1848,462,17,7,0.9025974025974026,0.9021612011379532,0.2517669433614005,0.2824420928955078,0.5914387702941895,ok,
shuttle,46400,11600,9,7,0.9975,0.9968025906290371,0.008765407236766401,0.4632303714752197,36.37173628807068,ok,
