dataset_id,n_train,n_test,n_features,n_classes,accuracy,f1_weighted,logloss,fit_seconds,predict_seconds,status,error
customer_satisfaction_in_airline,103904,25976,21,2,0.7118878965198645,0.7054433799801839,0.5803893268400658,11.807566404342651,178.24758911132812,ok,
pc1,887,222,21,2,0.9324324324324325,0.8998298998298998,0.23178058792755363,0.2981293201446533,0.3628690242767334,ok,
pendigits,8793,2199,16,10,0.44474761255115963,0.3786439699591398,1.7789861884872578,0.34021425247192383,2.9647161960601807,ok,
semeion,1274,319,256,10,0.3981191222570533,0.3549601355142088,2.1431190814945187,0.5076282024383545,3.1271369457244873,ok,
thyroid,5760,1440,21,3,0.9256944444444445,0.8899752574428016,0.2912352018031092,0.3236551284790039,2.045027256011963,ok,
wall-robot-navigation,4364,1092,24,4,0.5054945054945055,0.44650012251575033,1.1377155065036373,0.3225839138031006,1.6460731029510498,ok,
waveform_database_generator_version_1,4000,1000,21,3,0.39,0.31339165281986125,1.0907832203989778,0.3137531280517578,1.4095823764801025,ok,
