dataset_id,n_train,n_test,n_features,n_classes,accuracy,f1_weighted,logloss,fit_seconds,predict_seconds,status,error
customer_satisfaction_in_airline,103904,25976,21,2,0.5451185709886048,0.40834234684181653,0.6904559161803658,12.459932088851929,178.25850653648376,ok,
optdigits,4496,1124,64,10,0.10498220640569395,0.026990232255126406,2.319516717193944,0.5558028221130371,3.1701955795288086,ok,
ringnorm,5920,1480,20,2,0.46621621621621623,0.34453453372969883,0.6941458336990767,0.4475557804107666,2.087623357772827,ok,
spambase,3680,921,57,2,0.6058631921824105,0.4571624898414943,0.6615172211399489,0.46566152572631836,2.3947067260742188,ok,
texture,4400,1100,40,11,0.13,0.06153660640077719,2.398799402720897,0.3930776119232178,6.400347948074341,ok,
