dataset_id,n_train,n_test,n_features,n_classes,accuracy,f1_weighted,logloss,fit_seconds,predict_seconds,status,error
dabetes_130-us_hospitals,81412,20354,20,2,0.60037339097966,0.5721950708116215,0.665721084196797,12.000949144363403,150.85289072990417,ok,
KDDCup09_upselling,4102,1026,49,2,0.7436647173489279,0.7436625257560083,0.511178045444488,2.5910348892211914,28.23034906387329,ok,
abalone,3341,836,8,3,0.6076555023923444,0.6103801217351701,0.7971094933768033,0.39574337005615234,9.435812950134277,ok,
default_of_credit_card_clients,24000,6000,23,2,0.8075,0.766938515988664,0.4465501248995669,0.5957424640655518,35.29421830177307,ok,
kropt,22444,5612,6,18,0.5393799002138275,0.5261544722407244,1.3448292561648663,0.43344736099243164,90.74712491035461,ok,
