dataset_id,n_train,n_test,n_features,n_classes,accuracy,f1_weighted,logloss,fit_seconds,predict_seconds,status,error
customer_satisfaction_in_airline,103904,25976,21,2,0.91530643671081,0.9154078919855775,0.2117926524427176,12.26345419883728,180.03231501579285,ok,
pc4,1166,292,37,2,0.8938356164383562,0.8712015237537852,0.20830294742876085,0.3132965564727783,0.5924985408782959,ok,
predict_students_dropout_and_academic_success,3539,885,34,3,0.7581920903954802,0.709436225556086,0.6114918681269826,0.34488940238952637,1.6496055126190186,ok,
segment,1848,462,17,7,0.9307359307359307,0.9299047160380545,0.18694344525264203,0.28721094131469727,0.5882058143615723,ok,
shuttle,46400,11600,9,7,0.9968103448275862,0.9957155435295794,0.010428764721259491,0.48349475860595703,36.16548490524292,ok,
