dataset_id,n_train,n_test,n_features,n_classes,accuracy,f1_weighted,logloss,fit_seconds,predict_seconds,status,error
customer_satisfaction_in_airline,103904,25976,21,2,0.9048737295965507,0.9050560446002401,0.24442074742854789,12.410135507583618,179.9539520740509,ok,
one-hundred-plants-shape,1280,320,64,100,0.634375,0.6161205808080809,1.5624148401081208,0.5732290744781494,4.359951019287109,ok,
page-blocks,4378,1095,10,5,0.9671232876712329,0.9655936030696282,0.11968620384925013,0.3196382522583008,1.181743860244751,ok,
pc3,1250,313,37,2,0.8977635782747604,0.8493992104215747,0.2791166642878986,0.44467735290527344,0.743335485458374,ok,
pol,8065,2017,26,2,0.947942488844819,0.9479272573689183,0.13427662169623303,0.6331987380981445,3.6230385303497314,ok,
splice,2552,638,60,3,0.8134796238244514,0.8025062866981743,0.44691666452282375,0.4190804958343506,6.05677056312561,ok,
thyroid-ann,3017,755,21,3,0.9496688741721855,0.9336392966856544,0.11198333490439587,0.32902073860168457,5.572941541671753,ok,
wall-robot-navigation,4364,1092,24,4,0.9560439560439561,0.9561123029331267,0.12836846205651595,0.4707310199737549,8.542396545410156,ok,
