dataset_id,n_train,n_test,n_features,n_classes,accuracy,f1_weighted,logloss,fit_seconds,predict_seconds,status,error
customer_satisfaction_in_airline,103904,25976,21,2,0.78688019710502,0.7863528409815396,0.4706352047675462,12.860583066940308,180.86260867118835,ok,
mobile_c36_oversampling,41408,10352,6,2,0.8585780525502318,0.8584081149784146,0.3325170980600669,0.5213534832000732,21.56519603729248,ok,
wall-robot-navigation,4364,1092,24,4,0.7014652014652014,0.6501750009036381,0.831819534515426,0.4734199047088623,5.4492785930633545,ok,
