dataset_id,n_train,n_test,n_features,n_classes,accuracy,f1_weighted,logloss,fit_seconds,predict_seconds,status,error
customer_satisfaction_in_airline,103904,25976,21,2,0.8666076378195258,0.8668042944124295,0.33862789275271254,12.383318185806274,179.15558457374573,ok,
online_shoppers,9864,2466,14,2,0.8450932684509327,0.7741425808579093,0.3496280948332392,0.44984960556030273,3.2884435653686523,ok,
pol,8065,2017,26,2,0.9053049082796232,0.9053049082796232,0.252747455601329,0.41594719886779785,3.456162214279175,ok,
sports_articles_for_objectivity_analysis,800,200,59,2,0.805,0.8034247925737287,0.4431822466970294,0.33341526985168457,0.5678122043609619,ok,
steel_plates_faults,1552,389,27,7,0.7197943444730077,0.6966842366780505,0.7459876788290182,0.3042008876800537,0.6466333866119385,ok,
taiwanese_bankruptcy_prediction,5455,1364,95,2,0.967741935483871,0.9518773135906928,0.0997560160691002,0.4982011318206787,5.337983131408691,ok,
website_phishing,1082,271,9,3,0.8856088560885609,0.8847178502830216,0.29651302870201923,0.2871208190917969,0.29483890533447266,ok,
wine-quality-red,1279,320,4,6,0.6125,0.5874966675759794,0.9355209642019104,0.26859092712402344,0.3032839298248291,ok,
