dataset_id,n_train,n_test,n_features,n_classes,accuracy,f1_weighted,logloss,fit_seconds,predict_seconds,status,error
customer_satisfaction_in_airline,103904,25976,21,2,0.9243147520788421,0.9243504589689474,0.19488650577993008,12.009392261505127,181.1913537979126,ok,
pc3,1250,313,37,2,0.8977635782747604,0.8493992104215747,0.26703865052974984,0.47535109519958496,0.6466495990753174,ok,
phoneme,4323,1081,5,2,0.8649398704902868,0.8621150971157578,0.326990604153581,0.37603068351745605,0.6419486999511719,ok,
ringnorm,5920,1480,20,2,0.9756756756756757,0.9756692762217622,0.06825777223593296,0.35300374031066895,2.0919556617736816,ok,
splice,2552,638,60,3,0.7899686520376176,0.7771746310340997,0.5511713578943812,0.3965938091278076,1.783013105392456,ok,
taiwanese_bankruptcy_prediction,5455,1364,95,2,0.9699413489736071,0.9570605012471145,0.0925383036639282,0.5048141479492188,5.355321884155273,ok,
wine,2043,511,4,2,0.7416829745596869,0.7413065346545353,0.5308665388006107,0.300640344619751,0.21181488037109375,ok,
wine-quality-red,1279,320,4,6,0.584375,0.5601491509012364,0.9554327827528002,0.27863407135009766,0.3067915439605713,ok,
