dataset_id,n_train,n_test,n_features,n_classes,accuracy,f1_weighted,logloss,fit_seconds,predict_seconds,status,error
customer_satisfaction_in_airline,103904,25976,21,2,0.9068370803818909,0.90702416148853,0.23716838754072864,14.021567583084106,275.2168321609497,ok,
qsar,844,211,40,2,0.8530805687203792,0.8496890233903495,0.31892775986550576,0.4562838077545166,1.0111827850341797,ok,
rl,3976,994,12,2,0.7062374245472837,0.7038092283577703,0.5689993530824187,0.4240851402282715,3.0529820919036865,ok,
spambase,3680,921,57,2,0.9218241042345277,0.9208416646754352,0.21288933365259785,0.4913969039916992,4.680070161819458,ok,
thyroid-dis,2240,560,26,5,0.6553571428571429,0.6245245335453022,0.8094990349766281,0.43525171279907227,2.466799020767212,ok,
waveform-5000,4000,1000,40,3,0.798,0.7968770198674502,0.6614316214053076,0.4807758331298828,2.321039915084839,ok,
