dataset_id,n_train,n_test,n_features,n_classes,accuracy,f1_weighted,logloss,fit_seconds,predict_seconds,status,error
customer_satisfaction_in_airline,103904,25976,21,2,0.8696874037573145,0.8699035651354554,0.32317638846325947,11.917833089828491,180.7776095867157,ok,
pendigits,8793,2199,16,10,0.9231468849477035,0.922716040464584,0.26614185313743727,0.4746584892272949,2.9976308345794678,ok,
shuttle,46400,11600,9,7,0.9976724137931035,0.996947280492319,0.007107097433507074,0.5792536735534668,36.3714919090271,ok,
