dataset_id,n_train,n_test,n_features,n_classes,accuracy,f1_weighted,logloss,fit_seconds,predict_seconds,status,error
volkert,46648,11662,180,10,0.4860229806208198,0.38905776428728017,1.4699389589285776,14.504040241241455,297.45366382598877,ok,
one-hundred-plants-shape,1280,320,64,100,0.63125,0.6150020292207793,1.5432338141995363,0.48543691635131836,17.473362922668457,ok,
sylvine,4099,1025,20,2,0.7541463414634146,0.7540901677409767,0.5367462049511886,0.5096685886383057,12.955654859542847,ok,
