dataset_id,n_train,n_test,n_features,n_classes,accuracy,f1_weighted,logloss,fit_seconds,predict_seconds,status,error
customer_satisfaction_in_airline,103904,25976,21,2,0.9032568524792116,0.9032846907205418,0.24755362333137798,12.339049577713013,268.227032661438,ok,
maternal_health_risk,811,203,6,3,0.8226600985221675,0.820870629910743,0.44517691256030745,0.4460124969482422,0.6178646087646484,ok,
mfeat-fourier,1600,400,76,10,0.68,0.6678488939781374,1.2347298576954018,0.5540709495544434,24.060390949249268,ok,
naticusdroid+android+permissions+dataset,23465,5867,86,2,0.9648883586159878,0.9648883994177821,0.10884595881824405,1.0447726249694824,47.14590835571289,ok,
