dataset_id,n_train,n_test,n_features,n_classes,accuracy,f1_weighted,logloss,fit_seconds,predict_seconds,status,error
OpenML-ID-1468,864,216,856,9,0.9398148148148148,0.940217623692503,0.4111186766599253,12.52120590209961,8.038666486740112,ok,
OpenML-ID-41150,104051,26013,50,2,0.9447583900357513,0.9448054464585529,0.14067603225714462,2.0661826133728027,203.6610951423645,ok,
