dataset_id,n_train,n_test,n_features,n_classes,accuracy,f1_weighted,logloss,fit_seconds,predict_seconds,status,error
OpenML-ID-1169,431506,107877,7,2,0.6611325861861194,0.650364077467192,0.6141536225240727,13.215571403503418,2386.954997062683,ok,
