dataset_id,n_train,n_test,n_features,n_classes,accuracy,f1_weighted,logloss,fit_seconds,predict_seconds,status,error
customer_satisfaction_in_airline,103904,25976,21,2,0.9246997228210656,0.924690748318239,0.19440620755423824,12.007544994354248,179.74303269386292,ok,
pc4,1166,292,37,2,0.8767123287671232,0.8406807804068078,0.22158197935396684,0.34064507484436035,0.5935251712799072,ok,
qsar,844,211,40,2,0.8672985781990521,0.8651804170301729,0.31362701299460055,0.29151463508605957,0.4945390224456787,ok,
rl,3976,994,12,2,0.6851106639839034,0.680686654754415,0.578615330734288,0.2613544464111328,1.0846428871154785,ok,
seismic+bumps,2067,517,18,2,0.9342359767891683,0.9024719535783365,0.23230230370731042,0.2605724334716797,0.6574051380157471,ok,
splice,2552,638,60,3,0.8432601880877743,0.833993635579893,0.45738790503754095,0.3574357032775879,1.7790729999542236,ok,
telco-customer-churn,5634,1409,18,2,0.7991483321504613,0.7914681386978454,0.4234165246616901,0.3040485382080078,1.8987720012664795,ok,
turiye_student_evaluation,4656,1164,32,5,0.4647766323024055,0.34939248134576056,1.3737644202001689,0.302501916885376,2.086923122406006,ok,
waveform-5000,4000,1000,40,3,0.841,0.8405727595849567,0.4172146667849744,0.30822181701660156,2.0442473888397217,ok,
