dataset_id,n_train,n_test,n_features,n_classes,accuracy,f1_weighted,logloss,fit_seconds,predict_seconds,status,error
customer_satisfaction_in_airline,103904,25976,21,2,0.8922081921773946,0.8923883976798551,0.2740979255673028,11.782007932662964,179.91242790222168,ok,
optdigits,4496,1124,64,10,0.947508896797153,0.9476936864139085,0.5560032358468034,0.45024728775024414,3.1744539737701416,ok,
predict_students_dropout_and_academic_success,3539,885,34,3,0.7333333333333333,0.666004529877828,0.6649999599669633,0.3586897850036621,1.6484477519989014,ok,
segment,1848,462,17,7,0.8982683982683982,0.895879371255311,0.24958074521032012,0.311814546585083,0.5821700096130371,ok,
shuttle,46400,11600,9,7,0.9957758620689655,0.9936740333842224,0.02218381174143461,0.5083863735198975,35.93950963020325,ok,
