dataset_id,n_train,n_test,n_features,n_classes,accuracy,f1_weighted,logloss,fit_seconds,predict_seconds,status,error
customer_satisfaction_in_airline,103904,25976,21,2,0.5473129042192794,0.38718919012193637,0.6890215396188597,12.131641626358032,174.22645330429077,ok,
optdigits,4496,1124,64,10,0.10142348754448399,0.018678962164896888,2.301323534607899,0.42719268798828125,3.154815673828125,ok,
pol,8065,2017,26,2,0.5007436787307883,0.3347096791264862,0.6871370292409267,0.37181830406188965,3.434612989425659,ok,
sports_articles_for_objectivity_analysis,800,200,59,2,0.635,0.49324159021406727,0.6559023140516829,0.34404635429382324,0.5622320175170898,ok,
steel_plates_faults,1552,389,27,7,0.34704370179948585,0.17882022802645267,1.6531441861168894,0.3195304870605469,0.6396574974060059,ok,
telco-customer-churn,5634,1409,18,2,0.7345635202271115,0.6221548636948121,0.5792572139746618,0.359586238861084,1.8914363384246826,ok,
twonorm,5920,1480,20,2,0.5033783783783784,0.3484120414912743,0.6929669789852242,0.3385434150695801,2.0686681270599365,ok,
waveform_database_generator,3999,1000,21,3,0.339,0.1716519790888723,1.0987039536022258,0.33498096466064453,1.4273018836975098,ok,
yeast,1187,297,8,10,0.31313131313131315,0.14933954933954935,1.7473046570534032,0.30150365829467773,0.311474084854126,ok,
