dataset_id,n_train,n_test,n_features,n_classes,accuracy,f1_weighted,logloss,fit_seconds,predict_seconds,status,error
customer_satisfaction_in_airline,103904,25976,21,2,0.8149445642131198,0.8151207851924601,0.42314570374504346,12.012670755386353,179.52791929244995,ok,
pc3,1250,313,37,2,0.8977635782747604,0.8493992104215747,0.2946966072114967,0.3435688018798828,0.6447677612304688,ok,
phoneme,4323,1081,5,2,0.8399629972247918,0.8353460141680945,0.3639457583533623,0.2843303680419922,0.637357234954834,ok,
ringnorm,5920,1480,20,2,0.952027027027027,0.9519775709191104,0.1650732308849148,0.3085746765136719,2.0884346961975098,ok,
spambase,3680,921,57,2,0.8740499457111836,0.8708185674301695,0.31315789220414153,0.32872462272644043,2.409069776535034,ok,
texture,4400,1100,40,11,0.8772727272727273,0.8759107177886267,0.4457479990928874,0.32076287269592285,6.343595266342163,ok,
