dataset_id,n_train,n_test,n_features,n_classes,accuracy,f1_weighted,logloss,fit_seconds,predict_seconds,status,error
customer_satisfaction_in_airline,103904,25976,21,2,0.8954804434862951,0.8955907934917187,0.2742907155872913,12.39576530456543,225.4517297744751,ok,
mfeat-zernike,1600,400,47,10,0.7,0.6887688476182451,0.7749357202653893,0.4748647212982178,12.800687551498413,ok,
one-hundred-plants-shape,1280,320,64,100,0.66875,0.6500133026695527,1.524026953098452,0.5288991928100586,67.0570604801178,ok,
