dataset_id,n_train,n_test,n_features,n_classes,accuracy,f1_weighted,logloss,fit_seconds,predict_seconds,status,error
dabetes_130-us_hospitals,81412,20354,20,2,0.6047459958730471,0.5843481237926513,0.6633272816599204,11.778038263320923,189.21692276000977,ok,
abalone,3341,836,8,3,0.59688995215311,0.5978853713024285,0.8044449192947668,0.4478588104248047,3.970454692840576,ok,
allrep,3017,755,29,4,0.9682119205298013,0.9548630637889283,0.08423268227425167,0.4425492286682129,7.548910617828369,ok,
default_of_credit_card_clients,24000,6000,23,2,0.8038333333333333,0.7609717143714474,0.44777844155396646,0.5704503059387207,16.700860500335693,ok,
hill-valley,969,243,100,2,0.5473251028806584,0.5285302406079446,0.6877836696536668,0.36961817741394043,1.1889879703521729,ok,
house_16H,10790,2698,16,2,0.8480355819125278,0.8480214680770617,0.36019065332293915,0.37206339836120605,9.30186653137207,ok,
internet_usage,8086,2022,70,46,0.42235410484668645,0.2850211583391436,2.052402671377522,0.5666995048522949,72.49474048614502,ok,
spambase,3680,921,57,2,0.9174809989142236,0.9161985360318402,0.22862085207416138,0.37386012077331543,14.282842874526978,ok,
