dataset_id,n_train,n_test,n_features,n_classes,accuracy,f1_weighted,logloss,fit_seconds,predict_seconds,status,error
customer_satisfaction_in_airline,103904,25976,21,2,0.7350631352017246,0.7339275093473155,0.5298639092120128,11.693671703338623,179.57071042060852,ok,
page-blocks,4378,1095,10,5,0.897716894977169,0.849331768780132,0.36520152091193997,0.3102152347564697,1.1521801948547363,ok,
predict_students_dropout_and_academic_success,3539,885,34,3,0.6067796610169491,0.5266264668177694,0.9101841028412445,0.2885298728942871,1.6496844291687012,ok,
segment,1848,462,17,7,0.6168831168831169,0.5397847491032056,1.1715316425677116,0.25360727310180664,0.5900294780731201,ok,
shuttle,46400,11600,9,7,0.8404310344827586,0.7867570798982756,0.3782594340975861,0.43341779708862305,36.1392297744751,ok,
