dataset_id,n_train,n_test,n_features,n_classes,accuracy,f1_weighted,logloss,fit_seconds,predict_seconds,status,error
customer_satisfaction_in_airline,103904,25976,21,2,0.9057976593778873,0.9059311933811848,0.23508168736373414,11.905309200286865,179.95352363586426,ok,
optdigits,4496,1124,64,10,0.9519572953736655,0.9520618959202319,0.4192778784439887,0.40990161895751953,3.164396047592163,ok,
rl,3976,994,12,2,0.6609657947686117,0.6574289118307282,0.6224325527303722,0.25765228271484375,1.096952199935913,ok,
semeion,1274,319,256,10,0.877742946708464,0.8787551179594765,0.8184569395259799,0.4716908931732178,3.1387088298797607,ok,
thyroid,5760,1440,21,3,0.9576388888888889,0.9466102852071349,0.09034798873688075,0.29474329948425293,2.0608534812927246,ok,
wall-robot-navigation,4364,1092,24,4,0.934981684981685,0.9348274448292855,0.2038581504067203,0.27967095375061035,1.655357837677002,ok,
waveform_database_generator,3999,1000,21,3,0.345,0.31088930582924545,1.098439433796199,0.2688288688659668,1.4296245574951172,ok,
