dataset_id,n_train,n_test,n_features,n_classes,accuracy,f1_weighted,logloss,fit_seconds,predict_seconds,status,error
dabetes_130-us_hospitals,81412,20354,20,2,0.6030264321509285,0.5695178710908404,0.6666256234584387,12.319785118103027,164.82790184020996,ok,
ibm-employee-performance,1176,294,30,2,0.8503401360544217,0.7848384340098947,0.24742877786935635,0.43689942359924316,1.6713356971740723,ok,
in_vehicle_coupon_recommendation,10147,2537,21,2,0.6574694521087899,0.6224432044649417,0.6214982962677716,0.44989657402038574,16.087915897369385,ok,
kropt,22444,5612,6,18,0.5555951532430506,0.5435614269169668,1.3147998208745204,0.39638495445251465,42.93573188781738,ok,
statlog,800,200,20,2,0.74,0.6952906887559442,0.5509129905689676,0.308199405670166,0.3136026859283447,ok,
steel_plates_faults,1552,389,27,7,0.7197943444730077,0.711100539419222,0.6673872968601728,0.3079233169555664,0.6525719165802002,ok,
texture,4400,1100,40,11,0.9518181818181818,0.9516711483426992,0.17806003348083424,0.35834336280822754,6.679388046264648,ok,
wine-quality-red,1279,320,4,6,0.559375,0.5212164272729599,0.9373671000457335,0.2951667308807373,0.30180859565734863,ok,
