dataset_id,n_train,n_test,n_features,n_classes,accuracy,f1_weighted,logloss,fit_seconds,predict_seconds,status,error
customer_satisfaction_in_airline,103904,25976,21,2,0.8780797659377887,0.8783517947963624,0.30389871295499865,12.088145732879639,180.3502299785614,ok,
page-blocks,4378,1095,10,5,0.9616438356164384,0.9584435808572271,0.130921617005959,0.43662548065185547,1.1554698944091797,ok,
pol,8065,2017,26,2,0.9236489836390679,0.9236239771098536,0.19689701876075213,0.4531540870666504,3.4828197956085205,ok,
sports_articles_for_objectivity_analysis,800,200,59,2,0.815,0.8128225695305825,0.44003322221662716,0.4271414279937744,0.5646822452545166,ok,
steel_plates_faults,1552,389,27,7,0.7275064267352185,0.7054918870307508,0.6993969996976953,0.41585421562194824,0.6447837352752686,ok,
telco-customer-churn,5634,1409,18,2,0.78708303761533,0.7634605506380017,0.4361394768599708,0.44007205963134766,1.906252145767212,ok,
turiye_student_evaluation,4656,1164,32,5,0.4965635738831615,0.4017884865240315,1.2644033122405107,0.4353902339935303,2.0844454765319824,ok,
waveform_database_generator,3999,1000,21,3,0.346,0.3072490982548211,1.0987209525986696,0.41222143173217773,1.4390442371368408,ok,
yeast,1187,297,8,10,0.5791245791245792,0.5682984967211231,1.1528609534008405,0.382584810256958,0.31362366676330566,ok,
