dataset_id,n_train,n_test,n_features,n_classes,accuracy,f1_weighted,logloss,fit_seconds,predict_seconds,status,error
customer_satisfaction_in_airline,103904,25976,21,2,0.8934785956267324,0.8937166989435097,0.2682625493643749,12.122169971466064,180.0666754245758,ok,
pc4,1166,292,37,2,0.8835616438356164,0.8350961703521185,0.2571686312318365,0.34349751472473145,0.5921165943145752,ok,
qsar,844,211,40,2,0.8578199052132701,0.8534296716316859,0.3667069417878023,0.32094740867614746,0.47942566871643066,ok,
rl,3976,994,12,2,0.596579476861167,0.5434805266202046,0.6526300633228372,0.30889248847961426,1.082789659500122,ok,
seismic+bumps,2067,517,18,2,0.9342359767891683,0.9024719535783365,0.2340078472048028,0.3097214698791504,0.6452295780181885,ok,
splice,2552,638,60,3,0.7115987460815048,0.6386280322005573,0.6610171214053362,0.40355896949768066,1.7789268493652344,ok,
telco-customer-churn,5634,1409,18,2,0.7913413768630234,0.7950145235664021,0.44287103072429784,0.33737611770629883,1.905696153640747,ok,
turiye_student_evaluation,4656,1164,32,5,0.4029209621993127,0.32798114604539147,1.4137440742720158,0.3721942901611328,2.093536853790283,ok,
waveform_database_generator,3999,1000,21,3,0.342,0.2757652199624611,1.100042962969318,0.3549375534057617,1.4360466003417969,ok,
