dataset_id,n_train,n_test,n_features,n_classes,accuracy,f1_weighted,logloss,fit_seconds,predict_seconds,status,error
customer_satisfaction_in_airline,103904,25976,21,2,0.7648598706498306,0.7642398798056115,0.5063048127381338,12.497534275054932,227.73605751991272,ok,
madeline,2512,628,259,2,0.5111464968152867,0.5097974089120326,0.6924964707509322,0.7706103324890137,9.178722858428955,ok,
mozilla4,12436,3109,4,2,0.8230942425217112,0.8177471823740721,0.41103246183320424,0.4323863983154297,2.4585328102111816,ok,
national-longitudinal-survey-binary,3926,982,16,2,0.7260692464358453,0.6929154970698582,0.5536934670363446,0.340770959854126,3.1995763778686523,ok,
okcupid_stem,21341,5336,13,3,0.7200149925037481,0.6028105472214863,0.7483571163901463,0.45189690589904785,26.584381103515625,ok,
statlog,800,200,20,2,0.69,0.5802083333333333,0.5956496302394464,0.35550498962402344,4.682472467422485,ok,
turiye_student_evaluation,4656,1164,32,5,0.4329896907216495,0.3349728256466597,1.3815139945807564,0.3500058650970459,4.169325828552246,ok,
wine-quality-red,1279,320,4,6,0.53125,0.47768672469818074,1.0811456390765763,0.31003499031066895,1.346195936203003,ok,
