dataset_id,n_train,n_test,n_features,n_classes,accuracy,f1_weighted,logloss,fit_seconds,predict_seconds,status,error
customer_satisfaction_in_airline,103904,25976,21,2,0.7622805666769326,0.7612811082335076,0.4991076083333965,12.523623704910278,187.70041155815125,ok,
led7,2560,640,7,10,0.671875,0.666437211694501,1.0579336022979224,0.4588334560394287,0.6709752082824707,ok,
letter,16000,4000,15,26,0.41925,0.4106000185559056,2.5554547270653134,0.49076199531555176,45.00982093811035,ok,
wine,2043,511,4,2,0.7123287671232876,0.7108540126454976,0.5762949832257103,0.3061854839324951,0.21348333358764648,ok,
