dataset_id,n_train,n_test,n_features,n_classes,accuracy,f1_weighted,logloss,fit_seconds,predict_seconds,status,error
customer_satisfaction_in_airline,103904,25976,21,2,0.5473129042192794,0.38718919012193637,0.6889404217363744,11.752716064453125,176.25063395500183,ok,
ozone-level-8hr,2027,507,72,2,0.9368836291913215,0.9063538164274496,0.23710081435013078,0.35184788703918457,1.588958501815796,ok,
pendigits,8793,2199,16,10,0.12050932241928149,0.043648489847351986,2.299285129838232,0.32723426818847656,2.9616947174072266,ok,
semeion,1274,319,256,10,0.10031347962382445,0.018290776911466567,2.3035366235830357,0.47949862480163574,3.138317584991455,ok,
thyroid,5760,1440,21,3,0.9256944444444445,0.8899752574428016,0.3214260710628956,0.29083824157714844,2.0440192222595215,ok,
water_quality,6396,1600,20,2,0.88625,0.8328048376408218,0.35440913349408953,0.27443361282348633,2.077378034591675,ok,
website_phishing,1082,271,9,3,0.5166051660516605,0.3519451252906689,0.9041163264626748,0.2401745319366455,0.29465150833129883,ok,
wine-quality-red,1279,320,4,6,0.4,0.22857142857142856,1.1898261485487183,0.23758172988891602,0.3012087345123291,ok,
