dataset_id,n_train,n_test,n_features,n_classes,accuracy,f1_weighted,logloss,fit_seconds,predict_seconds,status,error
dabetes_130-us_hospitals,81412,20354,20,2,0.5988503488257836,0.5690175931902717,0.6666368702881391,12.64610743522644,117.92309951782227,ok,
cmc,1178,295,9,3,0.5254237288135594,0.5197128312934384,0.9159549468382371,0.4060523509979248,0.7335035800933838,ok,
credit,13371,3343,10,2,0.7702662279389769,0.7697744838540708,0.5031282527467583,0.37609171867370605,4.741542339324951,ok,
electricity,36249,9063,8,2,0.7959836698664902,0.791912728925891,0.44584893463011865,0.4486088752746582,23.201176404953003,ok,
led24,2560,640,24,10,0.6984375,0.6918374230314787,0.9646886367630941,0.3159346580505371,1.6679773330688477,ok,
led7,2560,640,7,10,0.7359375,0.7300098887736882,0.809845760308113,0.29559946060180664,1.552823781967163,ok,
letter,16000,4000,15,26,0.8565,0.8572925549272052,0.5542314371051198,0.40605735778808594,54.78005862236023,ok,
