dataset_id,n_train,n_test,n_features,n_classes,accuracy,f1_weighted,logloss,fit_seconds,predict_seconds,status,error
customer_satisfaction_in_airline,103904,25976,21,2,0.9122651678472437,0.9123823461668029,0.21410323447396085,11.931425333023071,179.44174122810364,ok,
page-blocks,4378,1095,10,5,0.9744292237442922,0.9741667821732105,0.10139773064784904,0.31219959259033203,1.171482801437378,ok,
pc4,1166,292,37,2,0.8904109589041096,0.8685588220204197,0.20686843062274243,0.3241910934448242,0.5973072052001953,ok,
predict_students_dropout_and_academic_success,3539,885,34,3,0.7638418079096045,0.720531617627228,0.606643016635912,0.340484619140625,1.6567749977111816,ok,
segment,1848,462,17,7,0.9307359307359307,0.9297213078670392,0.1790025230765907,0.2960779666900635,0.5967295169830322,ok,
shuttle,46400,11600,9,7,0.9971551724137931,0.9962333324242653,0.008393688200561389,0.48816823959350586,36.02925753593445,ok,
