dataset_id,n_train,n_test,n_features,n_classes,accuracy,f1_weighted,logloss,fit_seconds,predict_seconds,status,error
customer_satisfaction_in_airline,103904,25976,21,2,0.8030104712041884,0.8034426166660132,0.4279300451949562,11.675280809402466,180.50413274765015,ok,
pc3,1250,313,37,2,0.8977635782747604,0.8493992104215747,0.2920731698966551,0.31922388076782227,0.6586787700653076,ok,
pol,8065,2017,26,2,0.8889439762022806,0.8888743218508685,0.2967888968744969,0.3610506057739258,3.4632408618927,ok,
sports_articles_for_objectivity_analysis,800,200,59,2,0.805,0.8019313924120895,0.4711908879737389,0.3319375514984131,0.5616273880004883,ok,
sylvine,4099,1025,20,2,0.9102439024390244,0.9102283514690113,0.27674263568528673,0.32254791259765625,1.4221854209899902,ok,
thyroid-dis,2240,560,26,5,0.6446428571428572,0.5702645502645503,0.8775795442286137,0.310077428817749,0.8896758556365967,ok,
twonorm,5920,1480,20,2,0.9783783783783784,0.9783783783783784,0.06343079227680379,0.332120418548584,2.091871500015259,ok,
waveform_database_generator,3999,1000,21,3,0.331,0.2862754532816416,1.0989592466706615,0.31058526039123535,1.4321627616882324,ok,
yeast,1187,297,8,10,0.5185185185185185,0.4791107043458938,1.3027518640290348,0.28509521484375,0.31186604499816895,ok,
