dataset_id,n_train,n_test,n_features,n_classes,accuracy,f1_weighted,logloss,fit_seconds,predict_seconds,status,error
customer_satisfaction_in_airline,103904,25976,21,2,0.861064059131506,0.8609855544982142,0.34484627364809883,12.323365688323975,179.75428867340088,ok,
page-blocks,4378,1095,10,5,0.9570776255707762,0.9544725846324635,0.13954470589818999,0.3826477527618408,1.1570360660552979,ok,
pol,8065,2017,26,2,0.8849776896380763,0.8849607232941951,0.2800292683910172,0.42140626907348633,3.4735751152038574,ok,
sports_articles_for_objectivity_analysis,800,200,59,2,0.815,0.8141392070964055,0.45070540723428365,0.3851909637451172,0.5620827674865723,ok,
steel_plates_faults,1552,389,27,7,0.6041131105398457,0.5360892944077308,0.8994122107064976,0.36788511276245117,0.6393322944641113,ok,
telco-customer-churn,5634,1409,18,2,0.772888573456352,0.7442208926599102,0.4507260574851437,0.4045834541320801,1.9104578495025635,ok,
turiye_student_evaluation,4656,1164,32,5,0.4630584192439863,0.3507426876315681,1.2956333616260385,0.4119575023651123,2.086839437484741,ok,
waveform-5000,4000,1000,40,3,0.819,0.8182204183446253,0.756140919300571,0.41608214378356934,2.0562751293182373,ok,
