dataset_id,n_train,n_test,n_features,n_classes,accuracy,f1_weighted,logloss,fit_seconds,predict_seconds,status,error
volkert,46648,11662,180,10,0.3596295661121591,0.21464817821730647,1.8779540895531985,14.794610023498535,331.58157110214233,ok,
semeion,1274,319,256,10,0.7053291536050157,0.696853760092268,1.9868189565099754,0.6836261749267578,3.9863340854644775,ok,
thyroid-ann,3017,755,21,3,0.9337748344370861,0.9075463622084853,0.21991496133716407,0.4512789249420166,1.328392505645752,ok,
turiye_student_evaluation,4656,1164,32,5,0.43041237113402064,0.33365950977485076,1.3834704951255221,0.4805727005004883,2.4278972148895264,ok,
waveform_database_generator,3999,1000,21,3,0.328,0.32400054481986507,1.1037816224251655,0.4531435966491699,1.9946002960205078,ok,
