dataset_id,n_train,n_test,n_features,n_classes,accuracy,f1_weighted,logloss,fit_seconds,predict_seconds,status,error
Credit_c,80000,20000,22,3,0.54765,0.44914775135883145,0.9097582539473393,12.676060199737549,203.29712080955505,ok,
bank,36168,9043,16,2,0.8830034280659074,0.8281398136136093,0.34583822686483734,0.7276163101196289,53.95609927177429,ok,
jm1,8708,2177,21,2,0.8075333027101516,0.7429555095384925,0.45570722921480744,0.4337937831878662,12.260728120803833,ok,
kr-vs-k,22444,5612,6,18,0.2261225944404847,0.14446524699915872,2.2269440256226978,0.42853307723999023,80.86669492721558,ok,
