dataset_id,n_train,n_test,n_features,n_classes,accuracy,f1_weighted,logloss,fit_seconds,predict_seconds,status,error
customer_satisfaction_in_airline,103904,25976,21,2,0.7804126886356637,0.776838702317441,0.47355068241825066,13.108941555023193,199.2770073413849,ok,
one-hundred-plants-texture,1279,320,64,100,0.61875,0.5976856632037553,3.7239916911846604,0.4912540912628174,7.700600624084473,ok,
pc3,1250,313,37,2,0.9041533546325878,0.864296616669291,0.29756551533917014,0.4192357063293457,3.057752847671509,ok,
predict_students_dropout_and_academic_success,3539,885,34,3,0.6282485875706215,0.5507025148780791,0.8822174372933382,0.3979454040527344,6.544264316558838,ok,
shuttle,46400,11600,9,7,0.9597413793103449,0.9572719848024155,0.14458337203212115,0.5176162719726562,50.37709593772888,ok,
