dataset_id,n_train,n_test,n_features,n_classes,accuracy,f1_weighted,logloss,fit_seconds,predict_seconds,status,error
dabetes_130-us_hospitals,81412,20354,20,2,0.6018473027414759,0.5753633514375198,0.6655863872971197,11.807790279388428,134.33174562454224,ok,
gina_agnostic,2774,694,970,2,0.7190201729106628,0.7157145974676227,0.5747686668717518,1.978172779083252,39.97906279563904,ok,
mfeat-karhunen,1600,400,64,10,0.865,0.865270910649403,1.1035706432151215,0.3789331912994385,1.3218748569488525,ok,
mfeat-zernike,1600,400,47,10,0.74,0.7304931926018142,0.7140662474652825,0.34832286834716797,1.0850014686584473,ok,
microaggregation2,16000,4000,20,5,0.5695,0.4282403035995501,1.0467974139833307,0.4118082523345947,7.6705780029296875,ok,
one-hundred-plants-shape,1280,320,64,100,0.628125,0.6021714223276724,1.5501051544538789,0.36893343925476074,41.25653290748596,ok,
