dataset_id,n_train,n_test,n_features,n_classes,accuracy,f1_weighted,logloss,fit_seconds,predict_seconds,status,error
customer_satisfaction_in_airline,103904,25976,21,2,0.8887434554973822,0.8887893560111749,0.29144874877628363,12.516378164291382,234.64569544792175,ok,
madeline,2512,628,259,2,0.5238853503184714,0.47062654471639587,0.6924656157893692,0.7493257522583008,42.13624668121338,ok,
optdigits,4496,1124,64,10,0.9564056939501779,0.9565227172725496,0.2563825969092183,0.4897129535675049,7.822284698486328,ok,
satimage,5144,1286,36,6,0.890357698289269,0.885278812185097,0.279458791151673,0.4118778705596924,10.05566120147705,ok,
vehicle,676,170,18,4,0.6882352941176471,0.6749615952909673,0.7036363382457355,0.33004212379455566,1.1325511932373047,ok,
waveform_database_generator,3999,1000,21,3,0.34,0.1985201800188061,1.0984848255233437,0.36131787300109863,3.91879940032959,ok,
