dataset_id,n_train,n_test,n_features,n_classes,accuracy,f1_weighted,logloss,fit_seconds,predict_seconds,status,error
volkert,46648,11662,180,10,0.47933459097924885,0.38239243552464636,1.5222880703621078,14.402021646499634,281.7020423412323,ok,
qsar,844,211,40,2,0.8530805687203792,0.8510632468094033,0.33671753446455654,0.474973201751709,1.2499804496765137,ok,
ringnorm,5920,1480,20,2,0.9689189189189189,0.9689155124992891,0.07568908781580172,0.45998501777648926,2.513185739517212,ok,
sports_articles_for_objectivity_analysis,800,200,59,2,0.795,0.7925871716419967,0.4552239691971686,0.3654971122741699,0.5733640193939209,ok,
statlog,800,200,20,2,0.71,0.6403249875642514,0.557476948492111,0.3200032711029053,1.3666393756866455,ok,
texture,4400,1100,40,11,0.9509090909090909,0.9509512847317843,0.18701182468301686,0.37261199951171875,50.740641355514526,ok,
