dataset_id,n_train,n_test,n_features,n_classes,accuracy,f1_weighted,logloss,fit_seconds,predict_seconds,status,error
dabetes_130-us_hospitals,81412,20354,20,2,0.5722216763289771,0.511218094414355,0.6757791553666603,12.248847246170044,129.88041925430298,ok,
MagicTelescope,15216,3804,9,2,0.8399053627760252,0.8332912855933715,0.3708672518028317,0.4936642646789551,22.399317026138306,ok,
ada_agnostic,3649,913,48,2,0.8181818181818182,0.8027877527877528,0.3892375695479788,0.474109411239624,14.89874529838562,ok,
default_of_credit_card_clients,24000,6000,23,2,0.7905,0.7177881773278012,0.46561126238190204,0.5753569602966309,40.44460940361023,ok,
internet_firewall,52425,13107,7,4,0.8017853055619135,0.7332471372506525,0.2960947615856631,0.43291687965393066,57.82854652404785,ok,
naticusdroid+android+permissions+dataset,23465,5867,86,2,0.9606272370888018,0.9606217594834621,0.12284256524736788,0.9064412117004395,66.18421053886414,ok,
