dataset_id,n_train,n_test,n_features,n_classes,accuracy,f1_weighted,logloss,fit_seconds,predict_seconds,status,error
customer_satisfaction_in_airline,103904,25976,21,2,0.8934785956267324,0.8937166989435097,0.2682625493643749,11.804971694946289,181.7894356250763,ok,
rl,3976,994,12,2,0.596579476861167,0.5434805266202046,0.6526300633228372,0.286679744720459,1.0913701057434082,ok,
seismic+bumps,2067,517,18,2,0.9342359767891683,0.9024719535783365,0.2340078472048028,0.25891876220703125,0.6592392921447754,ok,
splice,2552,638,60,3,0.7115987460815048,0.6386280322005573,0.6610171215379449,0.3457605838775635,1.7893521785736084,ok,
taiwanese_bankruptcy_prediction,5455,1364,95,2,0.967741935483871,0.9518773135906928,0.10221240498250056,0.4606945514678955,5.36060905456543,ok,
wine,2043,511,4,2,0.7377690802348337,0.737007741271492,0.5466305549070043,0.25031137466430664,0.20992398262023926,ok,
wine-quality-white,3918,980,11,7,0.5673469387755102,0.5413342534853314,1.043445027861767,0.2539353370666504,1.061363935470581,ok,
