dataset_id,n_train,n_test,n_features,n_classes,accuracy,f1_weighted,logloss,fit_seconds,predict_seconds,status,error
customer_satisfaction_in_airline,103904,25976,21,2,0.9009855251000924,0.9010688440035045,0.2689914332959198,12.737167835235596,179.12225365638733,ok,
mobile_c36_oversampling,41408,10352,6,2,0.9399149922720247,0.9402106902823644,0.17858673060129565,0.5944149494171143,37.48055362701416,ok,
predict_students_dropout_and_academic_success,3539,885,34,3,0.7254237288135593,0.6579249422260495,0.672405454557123,0.41978979110717773,2.3413548469543457,ok,
rl,3976,994,12,2,0.6841046277665996,0.6818324532610247,0.6083366905818535,0.38608360290527344,2.057872772216797,ok,
segment,1848,462,17,7,0.9177489177489178,0.9174126594795053,0.2377953641296369,0.38674116134643555,0.9432578086853027,ok,
semeion,1274,319,256,10,0.8526645768025078,0.8510197135976452,0.603248530227522,0.6503016948699951,6.459765195846558,ok,
texture,4400,1100,40,11,0.9481818181818182,0.9479928579872545,0.19897572476022812,0.43642258644104004,18.671272039413452,ok,
