dataset_id,n_train,n_test,n_features,n_classes,accuracy,f1_weighted,logloss,fit_seconds,predict_seconds,status,error
customer_satisfaction_in_airline,103904,25976,21,2,0.708615645210964,0.7000074113697249,0.5707668864045299,12.627206802368164,209.63393259048462,ok,
mammography,8946,2237,6,2,0.9767545820295038,0.9652685489527209,0.08426642694654427,0.47446751594543457,4.8208208084106445,ok,
mfeat-fourier,1600,400,76,10,0.405,0.35303831960270005,2.1461145797039087,0.5095386505126953,3.5285117626190186,ok,
mfeat-morphological,1600,400,6,10,0.6525,0.5942915652578405,1.4518004994161402,0.40343332290649414,0.34490394592285156,ok,
mfeat-pixel,1600,400,240,10,0.1725,0.08490081244052057,2.233532511368153,0.6541414260864258,12.299817562103271,ok,
naticusdroid+android+permissions+dataset,23465,5867,86,2,0.8997784216805863,0.8997719751226889,0.39836095431380647,1.0371029376983643,47.4315619468689,ok,
twonorm,5920,1480,20,2,0.875,0.8749991439821948,0.2992222998844473,0.45537686347961426,3.9599812030792236,ok,
wine,2043,511,4,2,0.6908023483365949,0.6903968198933179,0.6102286518317549,0.3768951892852783,0.4169149398803711,ok,
yeast,1187,297,8,10,0.3400673400673401,0.2083015024191495,1.6761391687867002,0.3883216381072998,4.818428039550781,ok,
