dataset_id,n_train,n_test,n_features,n_classes,accuracy,f1_weighted,logloss,fit_seconds,predict_seconds,status,error
customer_satisfaction_in_airline,103904,25976,21,2,0.8934785956267324,0.8937166989435097,0.2682625493643749,11.695536851882935,180.19809865951538,ok,
pendigits,8793,2199,16,10,0.9877216916780355,0.9876995445304716,0.05455452629487188,0.3426048755645752,2.992530107498169,ok,
shuttle,46400,11600,9,7,0.9964655172413793,0.9951313898428892,0.014986650590704517,0.46039271354675293,36.30473518371582,ok,
