dataset_id,n_train,n_test,n_features,n_classes,accuracy,f1_weighted,logloss,fit_seconds,predict_seconds,status,error
customer_satisfaction_in_airline,103904,25976,21,2,0.8934785956267324,0.8937166989435097,0.2682625493643749,12.014979362487793,180.67004704475403,ok,
pc3,1250,313,37,2,0.8977635782747604,0.8493992104215747,0.2742540405575765,0.3286764621734619,0.6505155563354492,ok,
pol,8065,2017,26,2,0.9072880515617253,0.9066519885913173,0.27266258078203226,0.3607149124145508,3.4838991165161133,ok,
sports_articles_for_objectivity_analysis,800,200,59,2,0.825,0.8198600981866682,0.4334306605810201,0.32667016983032227,0.5672690868377686,ok,
steel_plates_faults,1552,389,27,7,0.7480719794344473,0.7411973138504475,0.6304959107068853,0.30152273178100586,0.6459488868713379,ok,
telco-customer-churn,5634,1409,18,2,0.7913413768630234,0.7950145235664021,0.44287103072429784,0.3379075527191162,1.9063470363616943,ok,
vehicle,676,170,18,4,0.8176470588235294,0.8140951343500362,0.3657903368649659,0.29257774353027344,0.28792905807495117,ok,
wall-robot-navigation,4364,1092,24,4,0.9267399267399268,0.9266513295296789,0.2627993486341694,0.3252744674682617,1.6529579162597656,ok,
waveform_database_generator_version_1,4000,1000,21,3,0.859,0.8580716313632547,0.34067790466117737,0.3221151828765869,1.4247756004333496,ok,
