dataset_id,n_train,n_test,n_features,n_classes,accuracy,f1_weighted,logloss,fit_seconds,predict_seconds,status,error
customer_satisfaction_in_airline,103904,25976,21,2,0.8666461348937481,0.8669148635411016,0.3266714707505365,11.555586338043213,176.76360154151917,ok,
optdigits,4496,1124,64,10,0.9163701067615658,0.9165853715780645,1.0567034392531696,0.41417384147644043,3.14524507522583,ok,
qsar,844,211,40,2,0.8625592417061612,0.8593865057522623,0.31453012532028607,0.2951931953430176,0.4815709590911865,ok,
ringnorm,5920,1480,20,2,0.9702702702702702,0.9702542958633054,0.08842312148196171,0.296069860458374,2.0720748901367188,ok,
spambase,3680,921,57,2,0.9207383279044516,0.9202898028639066,0.26086160982986445,0.31758666038513184,2.3817684650421143,ok,
texture,4400,1100,40,11,0.9490909090909091,0.9488225192340349,0.24880344009813143,0.30794715881347656,6.136631011962891,ok,
