dataset_id,n_train,n_test,n_features,n_classes,accuracy,f1_weighted,logloss,fit_seconds,predict_seconds,status,error
customer_satisfaction_in_airline,103904,25976,21,2,0.8865491222667077,0.8867629927839246,0.2874637406484788,12.507054090499878,179.33924293518066,ok,
ozone-level-8hr,2027,507,72,2,0.9368836291913215,0.9063538164274496,0.20094047723861988,0.4729585647583008,1.598602294921875,ok,
phoneme,4323,1081,5,2,0.8751156336725254,0.8711927232899245,0.3173414591302078,0.3723580837249756,0.6381840705871582,ok,
rice_cammeo_and_osmancik,3048,762,7,2,0.9186351706036745,0.9183852902923321,0.23036294002579116,0.36335301399230957,0.6749796867370605,ok,
satimage,5144,1286,36,6,0.8499222395023328,0.8426008371301025,0.4322200512246621,0.43437790870666504,2.4877898693084717,ok,
steel_plates_faults,1552,389,27,7,0.7146529562982005,0.6881760221278338,0.7536189569180353,0.39362049102783203,0.6564021110534668,ok,
telco-customer-churn,5634,1409,18,2,0.7828246983676366,0.7603024255916261,0.4422353915088071,0.42994070053100586,1.8978657722473145,ok,
turiye_student_evaluation,4656,1164,32,5,0.468213058419244,0.3808809493389262,1.311735377649966,0.4230518341064453,2.074876546859741,ok,
waveform-5000,4000,1000,40,3,0.704,0.7030344593947044,0.9286100982352724,0.4329679012298584,2.0373198986053467,ok,
