dataset_id,n_train,n_test,n_features,n_classes,accuracy,f1_weighted,logloss,fit_seconds,predict_seconds,status,error
customer_satisfaction_in_airline,103904,25976,21,2,0.8980212503849707,0.8981780151549553,0.24474637598323276,11.638118028640747,178.17204189300537,ok,
page-blocks,4378,1095,10,5,0.9662100456621004,0.9655532891924143,0.1127348309265636,0.2931644916534424,1.147353172302246,ok,
pc3,1250,313,37,2,0.9073482428115016,0.8712371252647926,0.2609680091027397,0.3029632568359375,0.6388199329376221,ok,
pol,8065,2017,26,2,0.9434804164600893,0.943470662025577,0.169683836896122,0.3450596332550049,3.460665225982666,ok,
sports_articles_for_objectivity_analysis,800,200,59,2,0.84,0.8378050669321828,0.393533705024235,0.3224148750305176,0.561042308807373,ok,
steel_plates_faults,1552,389,27,7,0.7686375321336761,0.7674854571257707,0.586969190130214,0.2995870113372803,0.6362016201019287,ok,
telco-customer-churn,5634,1409,18,2,0.7970191625266146,0.7837767591692664,0.4286720087184631,0.33604955673217773,1.8908958435058594,ok,
twonorm,5920,1480,20,2,0.9790540540540541,0.9790531073204282,0.06886679813310045,0.32434940338134766,2.0745177268981934,ok,
waveform-5000,4000,1000,40,3,0.85,0.8496643215020039,0.39511895003859787,0.32984042167663574,2.0368340015411377,ok,
