dataset_id,n_train,n_test,n_features,n_classes,accuracy,f1_weighted,logloss,fit_seconds,predict_seconds,status,error
customer_satisfaction_in_airline,103904,25976,21,2,0.8934785956267324,0.8937166989435097,0.2682625493643749,11.689539909362793,178.34695315361023,ok,
online_shoppers,9864,2466,14,2,0.8771289537712895,0.8467469063019507,0.2775730114273931,0.3537452220916748,3.2726082801818848,ok,
page-blocks,4378,1095,10,5,0.9689497716894977,0.9678805052821846,0.107028763423547,0.28286194801330566,1.143209457397461,ok,
pendigits,8793,2199,16,10,0.9877216916780355,0.9876995445304716,0.05455452629487188,0.335665225982666,2.954570770263672,ok,
seismic+bumps,2067,517,18,2,0.9342359767891683,0.9024719535783365,0.2340078472048028,0.28515005111694336,0.6541562080383301,ok,
splice,2552,638,60,3,0.7115987460815048,0.6386280322005573,0.6610171214053362,0.3888380527496338,1.7878329753875732,ok,
telco-customer-churn,5634,1409,18,2,0.7913413768630234,0.7950145235664021,0.44287103072429784,0.3430600166320801,1.9121384620666504,ok,
turiye_student_evaluation,4656,1164,32,5,0.4029209621993127,0.32798114604539147,1.4137440742720158,0.38888978958129883,2.1061179637908936,ok,
waveform-5000,4000,1000,40,3,0.79,0.7825578529657475,0.5413117531166104,0.3724069595336914,2.060274600982666,ok,
