dataset_id,n_train,n_test,n_features,n_classes,accuracy,f1_weighted,logloss,fit_seconds,predict_seconds,status,error
customer_satisfaction_in_airline,103904,25976,21,2,0.9094548814290114,0.9096042278876411,0.25168539646496846,12.395544290542603,180.2157175540924,ok,
one-hundred-plants-shape,1280,320,64,100,0.64375,0.6286783008658008,1.6576791184432085,0.5005383491516113,17.083433151245117,ok,
pc4,1166,292,37,2,0.8732876712328768,0.8174100323057274,0.2598025471737823,0.49824094772338867,10.291979312896729,ok,
segment,1848,462,17,7,0.9155844155844156,0.9147803415002529,0.23627252910555116,0.38196706771850586,1.5498363971710205,ok,
shuttle,46400,11600,9,7,0.9964655172413793,0.9951639966629818,0.009447648978048808,0.544104814529419,60.59021520614624,ok,
