dataset_id,n_train,n_test,n_features,n_classes,accuracy,f1_weighted,logloss,fit_seconds,predict_seconds,status,error
customer_satisfaction_in_airline,103904,25976,21,2,0.7084616569140745,0.70361751813634,0.6021005053145704,12.124656438827515,176.02879333496094,ok,
online_shoppers,9864,2466,14,2,0.8450932684509327,0.7741425808579093,0.420539290999681,0.3784053325653076,3.2531981468200684,ok,
predict_students_dropout_and_academic_success,3539,885,34,3,0.5423728813559322,0.4244939467312349,0.9589722439201134,0.3184647560119629,1.628652811050415,ok,
segment,1848,462,17,7,0.5346320346320347,0.4930782446807188,1.399072130165242,0.2901134490966797,0.5876195430755615,ok,
shuttle,46400,11600,9,7,0.8112068965517242,0.7365328256879288,0.45263491817654466,0.4644930362701416,35.496904134750366,ok,
