dataset_id,n_train,n_test,n_features,n_classes,accuracy,f1_weighted,logloss,fit_seconds,predict_seconds,status,error
customer_satisfaction_in_airline,103904,25976,21,2,0.9017169695103172,0.9018259182378972,0.23830375951201174,11.755180358886719,177.04226088523865,ok,
online_shoppers,9864,2466,14,2,0.884022708840227,0.858472961275394,0.2753016185902617,0.36090946197509766,3.2834744453430176,ok,
pc4,1166,292,37,2,0.8835616438356164,0.8534687181031372,0.22676960054020265,0.3131725788116455,0.5956211090087891,ok,
predict_students_dropout_and_academic_success,3539,885,34,3,0.7457627118644068,0.6810038888314277,0.6352741691480119,0.34133148193359375,1.6447949409484863,ok,
segment,1848,462,17,7,0.9242424242424242,0.9238358629862818,0.20953943471267197,0.30895495414733887,0.5958702564239502,ok,
shuttle,46400,11600,9,7,0.9962068965517241,0.9946374491515481,0.01586284973675265,0.49335551261901855,35.571781158447266,ok,
