dataset_id,n_train,n_test,n_features,n_classes,accuracy,f1_weighted,logloss,fit_seconds,predict_seconds,status,error
customer_satisfaction_in_airline,103904,25976,21,2,0.8896288882044965,0.8898563014282166,0.2659557048379153,11.985904693603516,180.77259469032288,ok,
pc4,1166,292,37,2,0.8767123287671232,0.8310233682514101,0.24680410182756904,0.39954161643981934,0.5967297554016113,ok,
predict_students_dropout_and_academic_success,3539,885,34,3,0.7242937853107345,0.6506246585070748,0.711078250331185,0.38672924041748047,1.656440019607544,ok,
segment,1848,462,17,7,0.9090909090909091,0.9087382902181849,0.2585975239391096,0.4019918441772461,0.5824296474456787,ok,
shuttle,46400,11600,9,7,0.9944827586206897,0.9931558120987446,0.019333463063653016,0.5913779735565186,36.39787459373474,ok,
